case_id,origin_country,origin_state,old_primary_domain,new_primary_domain,changed,confidence,review_status,evidence_excerpt,eligible_main_corpus
KR_15f616454feb5baced,KR,,general_negligence_personal_injury,general_negligence_personal_injury,False,high,accepted_primary,유도부 지도교사들이 이러한 주의의무를 게을리한 과실로 인해 원고가 상해를 입었다고 판단하였다.,True
KR_2938a7d8dec5b2a57e,KR,,general_negligence_personal_injury,general_negligence_personal_injury,False,high,accepted_primary,"원심은 판시와 같이, 이 사건 사고가 이 사건 기중기 운전자인 피고 2의 조작상 과실로 발생하였기에 피고 회사 및 주식회사 군장종합건설(이하 ‘군장종합건설’이라 한다)은 모두 피고 2의 사용자로서 피해자들에 대하여 사용자책임을 부담하고, 그 각 사용자책임과 피고 2의 손해배상책임이 부진정연대채무관계임을 인정하면서도, 피고들과의 내부 관계에서 군장종합건설의 부담 부분은 존재하지 않는다고 보아, 피고들이 공동하여 군장종합건설의 구상권을 대위취득한 원고에게 상법 제682조에 따라 지급 보험금 4,260만 원 전액에 관한 구상의무를 부담한다고 하였다.",True
KR_92b1ce3452f5861ba4,KR,,general_negligence_personal_injury,,True,high,independent_agreement,,False
KR_c6d493a48f0b6b6912,KR,,general_negligence_personal_injury,general_negligence_personal_injury,False,high,accepted_primary,이 사건 사고를 일으킨 버스 운전사,True
KR_f92051e8c5598d8ccc,KR,,general_negligence_personal_injury,other_civil_liability,True,high,independent_agreement,"등기관의 과실로 인하여, 그 자체로는 받아들여질 수 없었던 대신증권의 근저당권설정등기가 먼저 경료되어 버린 반면 원고의 근저당권설정등기는 후순위로 밀려나게 되었고",True
KR_16747477bbb419c699,KR,,general_negligence_personal_injury,,True,high,independent_agreement,,False
KR_94e863154231995db3,KR,,general_negligence_personal_injury,other_civil_liability,True,high,independent_agreement,불법행위에 있어서 과실상계는 공평 내지 신의칙의 견지에서 손해배상액을 정함에 있어 피해자의 과실을 참작하는 것,True
KR_c9b0b61cc030200a6a,KR,,general_negligence_personal_injury,other_civil_liability,True,high,independent_agreement,이러한 주의의무를 게을리한 채 조합원에게 원자재를 구매ㆍ공급해 주어 그로 말미암아 협동조합이 손해를 입게 된 경우에는 협동조합에게 그 손해를 배상할 책임이 있다.,True
KR_d0cfadb984b62f020b,KR,,general_negligence_personal_injury,general_negligence_personal_injury,False,high,accepted_primary,이 사건 사고는 이 사건 항공기의 운항승무원들의 전적인 과실에 의하여 발생하였고 피해자 승객들에게는 아무런 과실이 없는 것으로 보이는 점,True
KR_0dcfdd46d74a8951e1,KR,,general_negligence_personal_injury,other_civil_liability,True,high,independent_agreement,이사장의 임무를 해태한 데에 중대한 과실이 있는 경우에는 조합에 대하여 손해배상책임을 진다고 할 것이고,True
KR_655f2386b561c2a84a,KR,,general_negligence_personal_injury,,True,high,independent_agreement,,False
KR_d5131e7c37df509266,KR,,general_negligence_personal_injury,,True,high,independent_agreement,이 사건에서와 같이 하나의 사고에 관하여 여러 개의 무보험자동차특약보험계약이 체결되고,False
KR_29de6fa2d32993658e,KR,,general_negligence_personal_injury,general_negligence_personal_injury,False,high,accepted_primary,원고 1은 2014. 6. 19. 피고와 근로계약을 체결하고 피고의 송전선로 건설공사 현장 철탑 상부에서 작업하고 내려오던 중 지상 약 19.5m 높이에서 추락하여 뇌손상 등 상해를 입었다.,True
KR_61112d3135e80de786,KR,,general_negligence_personal_injury,general_negligence_personal_injury,False,high,accepted_primary,이른바 항공기사고로 인한 불법행위의 경우에는 통상의 교통사고와 달리 위자료 산정에 있어 참작되어야 할 다음과 같은 특수한 사정이 있다.,True
KR_ce03d7157e09c4d242,KR,,general_negligence_personal_injury,general_negligence_personal_injury,False,high,adjudicated,피고들에게는 이 사건 정부양곡 매수 당시 위 정부양곡의 출처를 확인하고 포장상태를 검사하는 등의 방법으로 매수하려는 조곡이 불법 출고된 정부수매양곡인지 아니면 소외 1을 대리한 소외 2가 판매하려고 자체적으로 보관하여 온 것인지 여부를 확인하여야 할 주의의무가 있음에도 이를 게을리한 과실이 있고,True
KR_bd5712bcc29293f8e7,KR,,general_negligence_personal_injury,other_civil_liability,True,high,independent_agreement,이사가 위와 같은 임무를 게을리한 경우에는 회사에 대하여 손해를 배상할 책임이 있다(상법 제399조 제1항).,True
KR_934df9d2f48650c256,KR,,general_negligence_personal_injury,general_negligence_personal_injury,False,high,accepted_primary,"이 사건 충돌 사고로 ◇◇◇☆☆호가 전복되어 선장 소외 4를 비롯하여 선원 7명이 실종되어 사망하였으며, 선원 소외 6은 저산소성 뇌병증 등의 상해를 입은 채로 해양경찰에 의해 구조된 사실",True
KR_c7ec53e12d00dabce6,KR,,general_negligence_personal_injury,other_civil_liability,True,high,independent_agreement,토지의 소유자 등이 종전부터 향유하던 일조이익(日照利益)이 객관적인 생활이익으로서 가치가 있다고 인정되면 법적인 보호의 대상이 될 수 있는데,True
KR_d9b3ee3b261df8b463,KR,,general_negligence_personal_injury,general_negligence_personal_injury,False,high,accepted_primary,"이 사건 사고로 소외 1과 이 사건 차량의 동승자 2명이 사망하고, 이 사건 차량의 나머지 동승자 소외 2(소외 1의 처)와 소외 3, 피해버스의 운전자와 승객 14명이 상해를 입었다.",True
KR_7be1ae9174eea5f5f2,KR,,general_negligence_personal_injury,general_negligence_personal_injury,False,high,accepted_primary,자동차 대리운전 회사인 베스트카코리아 사이의 대리운전약정에 따라 위 회사의 직원인 석동민이 이 사건 차량을 운전하다가 경부고속도로에서 판시와 같은 사고를 야기한 것이라면,True
KR_ac6643f28f1a875a1b,KR,,general_negligence_personal_injury,general_negligence_personal_injury,False,high,accepted_primary,"망인이 사망에 이르게 되었으므로, 피고는 망인과 원고들이 입은 손해를 배상할 책임이 있다고 판단하였다.",True
KR_21e5cc81eee32db79e,KR,,general_negligence_personal_injury,general_negligence_personal_injury,False,high,accepted_primary,"피고는 소외 1에게 3층 옥상의 슬라브 공사를 지시하면서 사다리 등을 이용하여 안전하게 옥상에 오르게 하는 등으로 사고를 미연에 방지하여야 할 주의의무를 게을리한 과실이 있으므로, 불법행위자로서 이 사건 사고로 소외 1이 입은 손해를 배상할 책임이 있다.",True
KR_b24448d722a0190549,KR,,general_negligence_personal_injury,other_civil_liability,True,high,independent_agreement,"피고 산하 군수사기관인 헌병대가 철저히 현장을 보존하고 이 사건 사고의 내용과 원인을 면밀히 조사하여 실체적 진실을 규명하여야 할 직무상 의무를 위반하였으므로, 피고는 이러한 위법행위로 인한 손해를 배상할 책임이 있다고 판단하였다.",True
KR_b7d634c2e03993e164,KR,,general_negligence_personal_injury,general_negligence_personal_injury,False,high,accepted_primary,학교에서의 교육활동 및 이와 밀접불가분의 관계에 있는 생활관계에 한하며,True
KR_68e0deec401c3edd58,KR,,general_negligence_personal_injury,other_civil_liability,True,high,independent_agreement,제3자의 채권침해가 반드시 언제나 불법행위로 되는 것은 아니고,True
KR_7f8df551c38264fcbe,KR,,general_negligence_personal_injury,other_civil_liability,True,high,independent_agreement,국가배상책임에 있어 공무원의 가해행위는 법령을 위반한 것이어야 하고,True
KR_4e2107bebbe71bff1d,KR,,general_negligence_personal_injury,general_negligence_personal_injury,False,high,accepted_primary,소외 1이 혈중알코올농도 0.137%의 술에 취한 상태에서 차량을 운전한 과실로 도로가에 설치된 철제울타리를 들이받는 사고가 발생하여 차량 조수석에 같이 탄 소외 2가 사망하는 사고가 발생하였는바,True
KR_9ff8adb69f213e129e,KR,,general_negligence_personal_injury,other_civil_liability,True,high,independent_agreement,감정평가업자가 토지를 감정평가하는 경우에는 실지조사에 의하여 대상 물건을 확인하고,True
KR_55074ea924a215c67b,KR,,general_negligence_personal_injury,,True,high,independent_agreement,,False
KR_12b9dc4aa1ee6e184c,KR,,general_negligence_personal_injury,general_negligence_personal_injury,False,high,accepted_primary,가해학생들의 폭행 등 괴롭힘과 망인의 자살 사이에는 상당인과관계가 있다 할 것이다.,True
KR_13b881769bf8928779,KR,,general_negligence_personal_injury,general_negligence_personal_injury,False,high,accepted_primary,"이 사건 사고는 ○○중학교가 합숙훈련 과정에서의 훈련일정과 응급구호체계 미비 등으로 인하여 훈련에 참가한 학생을 보호, 감독할 의무를 위반하여 발생한 것이라고 봄이 상당하다고 판단하였다.",True
KR_60ac72230335410754,KR,,general_negligence_personal_injury,general_negligence_personal_injury,False,high,accepted_primary,자동차사고로 인하여 이정호가 제3자에 대하여 부담하게 되는 모든 손해배상책임,True
KR_d4a866bf8f86262c7f,KR,,general_negligence_personal_injury,general_negligence_personal_injury,False,high,accepted_primary,망인은 같은 달 7. 뇌지주막하출혈상 등으로 사망한 사실,True
KR_b9478acaee2bfa081a,KR,,general_negligence_personal_injury,other_civil_liability,True,high,independent_agreement,"피고 소속 담당공무원이 이 사건 토지를 삼성에스디아이에 매도하고 소유권이전등기를 해주었다면, 피고 소속 담당공무원에게 위와 같은 불법행위에 대한 과실과 위법성이 인정된다.",True
KR_a3d84a1ae8d86e74c5,KR,,general_negligence_personal_injury,general_negligence_personal_injury,False,high,accepted_primary,자동차가 매매를 위하여 위탁된 경우 위탁자 등의 운행지배 유무는 그 당사자 사이의 실질적 관계를 살펴서 사회통념상 위탁자 등이 차량운행에 간섭을 하거나 지배·관리할 책무가 있는 것으로 평가할 수 있는지의 여부를 가려 결정하여야 한다,True
KR_86fdfbe3f16878dfcf,KR,,general_negligence_personal_injury,other_civil_liability,True,high,independent_agreement,"원고의 주장과 같이 애니모드가 판매한 제품이 원고가 피고 회사로부터 납품받은 제품 중 일부라고 한다면, 피고들도 원고 및 애니모드와 함께 토니노 람보르기니 회사의 상표권을 침해한 제품의 생산·판매에 관여한 공동불법행위자가 될 수 있고",True
KR_26b3a33d5ab3eb8be8,KR,,general_negligence_personal_injury,other_civil_liability,True,high,independent_agreement,상법 제399조의 이사의 손해배상책임에 관한 법리오해,True
KR_80cd6399334ab774b2,KR,,general_negligence_personal_injury,general_negligence_personal_injury,False,high,accepted_primary,소외 1은 위 임대차계약에 따라 이 사건 트럭을 운전하여 이 사건 공사현장에서 작업을 하다가 명성산업개발 주식회사 소속 근로자인 소외 2를 다치게 하는 이 사건 재해를 일으킨 사실,True
KR_df9ae8ebb4355cf9ab,KR,,general_negligence_personal_injury,other_civil_liability,True,high,independent_agreement,피고 버스회사들이 원고들에게 저상버스나 휠체어 탑승설비를 제공하지 않은 것은 장애인차별금지법 제19조 제4항에서 정한 교통사업자의 정당한 편의제공 의무를 위반한 차별행위에 해당한다.,True
KR_c9a36c832dbc482f8f,KR,,general_negligence_personal_injury,general_negligence_personal_injury,False,high,accepted_primary,"지하 터파기 및 흙막이 공사의 영향으로 인근 토지에 지반침하 현상이 발생하였고 이로 인하여 원고들 소유의 건물에는 대지 지반의 부동침하, 건물 변위(기울어짐), 균열 등의 피해가 발생한 사실",True
KR_f358ab674e5ded71f1,KR,,general_negligence_personal_injury,general_negligence_personal_injury,False,high,adjudicated,금융기관으로서는 금융실명거래 및 비밀보장에 관한 법률에서 정한 실명확인의무와 무관하게 위와 같은 최소한의 조치를 취함으로써 그것이 피모용자를 포함한 불특정 다수의 잠재적 피해자에 대한 범죄행위에 이용될 가능성을 미연에 방지함으로써 타인의 불법행위에 도움을 주지 않아야 할 주의의무가 있다고 할 것이다,True
KR_3d251e8be01dc48a0b,KR,,general_negligence_personal_injury,other_civil_liability,True,high,independent_agreement,부동산중개업자와 중개의뢰인의 법률관계는 민법상의 위임관계와 유사하므로 중개의뢰를 받은 중개업자는 선량한 관리자의 주의로 중개대상물의 권리관계 등을 조사·확인하여 중개의뢰인에게 설명할 의무가 있다,True
KR_f8eefffc009c58124b,KR,,general_negligence_personal_injury,general_negligence_personal_injury,False,high,accepted_primary,"2019. 1. 원고 차량과 피고 차량이 충돌하였고, 이어서 충돌로 정차 중인 피고 차량을 제3 차량이 충격하였다(이하 ‘이 사건 사고’라 한다). 이로 인하여 제3 차량 운전자가 사망하고 동승자들이 상해를 입었으며, 제3 차량 및 사고와 무관한 다른 차량들이 파손되었다.",True
KR_c6a564478fdecad238,KR,,general_negligence_personal_injury,other_civil_liability,True,high,independent_agreement,피고 1의 공인중개사로서의 주의의무 위반에 관하여,True
KR_29dbd6f831cc47236c,KR,,general_negligence_personal_injury,other_civil_liability,True,high,independent_agreement,분배농지를 관리하는 공무원이 구 농지개혁법에 따라 국가가 매수·취득한 농지임을 제대로 확인하지 아니한 채 이를 제3자에게 처분함으로써 수분배자 또는 원소유자에게 손해를 발생하게 한 경우 이는 특별한 사정이 없는 한 국가배상법 제2조 제1항에 정한 공무원의 고의·과실에 의한 위법행위에 해당한다고 할 것이다.,True
KR_6c7baac3a6e3991c4e,KR,,general_negligence_personal_injury,general_negligence_personal_injury,False,high,accepted_primary,이 사건 교통사고로 인한 손해를 배상할 책임이 있다고 판단하였다.,True
KR_908095abe4f0d6d327,KR,,general_negligence_personal_injury,other_civil_liability,True,high,independent_agreement,금융기관으로서는 금융실명거래 및 비밀보장에 관한 법률에서 정한 실명확인의무와 무관하게 위와 같은 최소한의 조치를 취함으로써 피모용자가 수령하여야 할 금원을 피모용자 명의로 임의로 개설한 은행계좌로 송금하게 하는 방법으로 금원을 편취하는 범죄행위 등에 도움을 주지 않아야 할 주의의무가 있다고 할 것이고,True
KR_9d2e86f030a6ea99c5,KR,,general_negligence_personal_injury,,True,high,independent_agreement,,False
KR_cd0b887a7a431369b9,KR,,general_negligence_personal_injury,general_negligence_personal_injury,False,high,accepted_primary,피해자 소외 2가 재해를 입은 이 사건,True
KR_196d874266db86b00d,KR,,general_negligence_personal_injury,general_negligence_personal_injury,False,high,accepted_primary,피고 2는 2015. 7. 22. 21:05경 가해차량을 운전하던 중 중앙선을 침범하여 정상적으로 주행하던 소외 1 운전의 피해차량을 충격하는 교통사고,True
KR_251ece560a954ca2fc,KR,,general_negligence_personal_injury,other_civil_liability,True,high,independent_agreement,"구 자본시장법 제162조 제1항에 근거한 사업보고서 등의 거짓 기재로 인한 손해배상책임이나 구 자본시장법 제170조 제1항, 구 외부감사법 제17조 제2항에 근거한 감사보고서의 거짓 기재로 인한 손해배상책임",True
KR_820a517fce55c93a84,KR,,general_negligence_personal_injury,general_negligence_personal_injury,False,high,accepted_primary,타인의 불법행위로 상해를 입은 피해자의 일실이익을 산정하기 위한 방법,True
KR_b8c149d3a7eebfddda,KR,,general_negligence_personal_injury,other_civil_liability,True,high,independent_agreement,"피고 2는 동아건설의 이사로서 대표이사 또는 이사인 제1심 공동피고 최원석, 제1심 공동피고 2와 순차적으로 공모하여 담당실무자인 제1심 공동피고 6에게 분식회계의 실행을 지시하여 1995 회계연도 재무제표 및 1996 회계연도 재무제표를 허위로 작성·공시하도록 하였는바, 이는 이사가 고의 또는 중과실로 그 임무를 해태한 경우에 해당한다고 판단하였다.",True
KR_5ebeddec620aad3412,KR,,general_negligence_personal_injury,general_negligence_personal_injury,False,high,accepted_primary,자전거도로를 운행하는 자전거의 운전자가 진로를 변경하고자 하는 경우에 다른 자전거의 정상적인 통행에 장애를 줄 우려가 있는 때에는 진로를 변경하여서는 아니 되고,True
KR_166fe3c2ec192a031c,KR,,general_negligence_personal_injury,,True,high,independent_agreement,,False
KR_d614974ea605954ae6,KR,,medical_professional_liability,other_civil_liability,True,high,independent_agreement,임대인은 임차인이 입은 손해를 배상할 책임이 있고,True
KR_3bdfa18ada600372f2,KR,,medical_professional_liability,medical_professional_liability,False,high,independent_agreement,의사가 진찰·치료 등의 의료행위를 할 때에는 사람의 생명·신체·건강을 관리하는 업무의 성질에 비추어 환자의 구체적인 증상이나 상황에 따라 위험을 방지하기 위하여 요구되는 최선의 조치를 할 주의의무가 있다.,True
KR_d35502ba94fbfc6c92,KR,,medical_professional_liability,other_civil_liability,True,high,independent_agreement,"보안사 조사관들이 원고 1에 대하여 전역지원서와 진술서를 받아내는 과정에서 행한 불법체포, 고문과 폭행행위, 의사에 반하여 작성된 전역지원서에 따라 이루어진 전역처분은 수사와 전역처분이라는 직무집행의 외관을 갖춘 고의의 불법행위에 해당한다.",True
KR_f3fe352a4c02d16f80,KR,,medical_professional_liability,general_negligence_personal_injury,True,high,independent_agreement,"이 사건 사고로 인한 반소원고의 후유장해, 노동능력상실률 및 노동능력상실의 존속기간",True
KR_78134d127e8ed36369,KR,,medical_professional_liability,other_civil_liability,True,high,independent_agreement,피고에 대한 직접 책임은 면제하지 않는 것이 약정의 내용이었다면,True
KR_973642690caa8c1765,KR,,medical_professional_liability,,True,high,adjudicated,,False
KR_9fa690d66617cf987e,KR,,medical_professional_liability,other_civil_liability,True,high,independent_agreement,피고 2의 감정과실로 인하여 원고들이 위 서울지방법원 96가단16696호 사건에서 낮은 액수의 배상액을 인정받게 되었음을 이유로 하는 이 사건 손해배상청구,True
KR_eee8ecec3165d10cc6,KR,,medical_professional_liability,general_negligence_personal_injury,True,high,independent_agreement,소외 1은 2018. 7. 31. 자동차를 운전하다가 도로의 우측 가드레일을 들이받아 배우자인 피해자 소외 2(이하 ‘피해자’라 한다)에게 상해를 입혔다(이하 ‘이 사건 사고’라 한다).,True
KR_b1623e21ca7095a358,KR,,medical_professional_liability,other_civil_liability,True,high,independent_agreement,피고는 원고들에게 불법행위로 인한 손해배상책임을 부담한다고 판단하였다.,True
KR_47079dcb1572fd2e34,KR,,medical_professional_liability,medical_professional_liability,False,high,independent_agreement,시술상의 과실에 관하여,True
KR_8d7ca5d24afd11d1da,KR,,medical_professional_liability,,True,high,independent_agreement,,False
KR_1490ae2a5caa81b4c7,KR,,medical_professional_liability,,True,high,independent_agreement,,False
KR_fade97268b1abdcfa2,KR,,medical_professional_liability,other_civil_liability,True,high,independent_agreement,이사가 법령 또는 정관에 위반한 행위를 하거나 그 임무를 해태함으로써 회사에 대하여 손해를 배상할 책임이 있어,True
KR_4ea4b7c552d041ba9e,KR,,medical_professional_liability,other_civil_liability,True,high,independent_agreement,명예훼손에 의한 불법행위가 성립하려면 피해자가 특정되어 있어야 하지만,True
KR_77616f4d33f49f160f,KR,,medical_professional_liability,,True,high,independent_agreement,,False
KR_38f0a0551f52400584,KR,,medical_professional_liability,general_negligence_personal_injury,True,high,independent_agreement,소외 2를 살해하는 행위(이하 ‘이 사건 사고’라고 한다),True
KR_f5a5d762462130dccb,KR,,medical_professional_liability,other_civil_liability,True,high,independent_agreement,평등권이라는 기본권의 침해도 민법 제750조의 일반규정을 통하여 사법상 보호되는 인격적 법익침해의 형태로 구체화되어 논하여질 수 있고,True
KR_fbac05e4c9ae195c2d,KR,,medical_professional_liability,,True,high,independent_agreement,,False
KR_4b24e5a20e1f1ddead,KR,,medical_professional_liability,other_civil_liability,True,high,independent_agreement,"를 회피하기 위한 조치를 취할 수 있는 가능성이 있는지 여부 등을 종합적으로 고려하여 볼 때, 그것이 객관적 정당성을 상실하여 현저하게 불합리하다고 인정되지 않는다면 그와 다른 조치를 취하지 아니한 부작위를 내세워 국가배상책임의 요건인 법령 위반에 해당한다고 할 수 없다(대법원 1998. 5. 8. 선고 97다54482 판결, 대법원 2004. 9. 23. 선고 2003다49009 판결, 대법원 2007. 10. 25. 선고 2005다23438 판결 등 참조). 
  원심이 적법하게 확정한 사실과 기록에 의하면, 원고는 청주시 상당구 탑동 소재 (상호 생략) 식",True
KR_293763f5a50c79c279,KR,,medical_professional_liability,other_civil_liability,True,medium,independent_agreement,불법행위로 인한 적극적 손해의 배상을 명한 전소송의 변론종결 후에 새로운 적극적 손해가 발생한 경우,True
KR_5beca7bd705b05bb94,KR,,medical_professional_liability,medical_professional_liability,False,high,independent_agreement,의사는 환자에게 수술 등 침습을 가하는 과정 및 그 후에 나쁜 결과 발생의 개연성이 있는 의료행위를 하는 경우,True
KR_f1f9176685f8c1c0db,KR,,medical_professional_liability,general_negligence_personal_injury,True,high,independent_agreement,소외 2는 2013. 12. 28. 피고 버스를 운전하다가 갑작스럽게 차로를 변경하였고,True
KR_1e296dbb0bcebaab8f,KR,,medical_professional_liability,other_civil_liability,True,high,independent_agreement,피고는 이 사건 피보험자들에게 요양급여 대상 진료를 비급여 항목에 해당하는 것으로 기재한 진료비 청구서를 작성하여 교부하고 그 진료비를 지급받았다는 것이고,True
KR_af61f4590681c75f54,KR,,medical_professional_liability,other_civil_liability,True,high,independent_agreement,기간임용제 대학교원에 대한 학교법인의 재임용거부결정이 재량권을 일탈·남용한 것으로 평가되어 그 사법상 효력이 부정된다고 하더라도 이것이 불법행위를 구성함을 이유로 학교법인에게 재산적 손해배상책임을 묻기 위해서는 당해 재임용거부가 학교법인의 고의 또는 과실로 인한 것이라는 점이 인정되어야 한다.,True
KR_cabb12a8960b273308,KR,,medical_professional_liability,,True,high,independent_agreement,,False
KR_b7cbce3536a0f4f763,KR,,medical_professional_liability,other_civil_liability,True,high,independent_agreement,Q22 합금 발명에 대한 특허를 받을 수 있는 권리,True
KR_91bd2c03cf60df4426,KR,,medical_professional_liability,other_civil_liability,True,high,independent_agreement,임대인이 상가임대차법 제10조의4 제1항에서 정한 기간에 이러한 신규 임차인이 되려는 자에게 권리금을 요구하는 등 위 제1항 각호의 어느 하나에 해당하는 행위를 함으로써 임차인이 신규 임차인으로부터 권리금을 회수하는 것을 방해한 때에는 임대인은 임차인이 입은 손해를 배상할 책임이 있다,True
KR_bca778095d79c8e711,KR,,medical_professional_liability,other_civil_liability,True,high,independent_agreement,"피고의 직원이 이 사건 화물의 양륙작업을 수행하는 과정에서 이 사건 화물이 추락·파손되는 사고가 발생하였고, 송하인 히타치가 수리비 등을 지출하는 손해를 입게 되었다.",True
KR_bb48d36e58640760a7,KR,,product_liability,product_liability,False,high,independent_agreement,제품이 정상적으로 사용되는 상태에서 사고가 발생한 경우 그 제품의 결함을 이유로 제조업자에게 손해배상책임을 지우기 위해서는,True
KR_6e91996913ed443be6,KR,,product_liability,product_liability,False,high,independent_agreement,제조물책임이란 제조물에 통상적으로 기대되는 안전성을 결여한 결함으로 인하여 생명·신체 또는 재산에 손해가 발생한 경우에 제조업자 등에게 지우는 손해배상책임인데,True
KR_17f99b470b67dcf2bd,KR,,product_liability,product_liability,False,high,independent_agreement,피고들이 제조한 담배에 결함이 있다는 상고이유에 대하여,True
KR_5b6e230014dd4d5663,KR,,product_liability,product_liability,False,high,independent_agreement,제품의 결함을 이유로 제조업자에게 손해배상책임을 지우는 경우,True
KR_cc8813e6652ff8b3e4,KR,,product_liability,product_liability,False,high,independent_agreement,원고가 피고로부터 구매한 이 사건 자동차의 전자제어장치(Electronic Control Unit)와 브레이크 시스템 등에 주장하는 바와 같은 하자가 있었다,True
KR_cda2f7ae1f9162201f,KR,,product_liability,product_liability,False,high,independent_agreement,자동차의 제조·설계상의 결함 주장에 관하여,True
KR_2fbbb928c434a8f95b,KR,,product_liability,product_liability,False,high,independent_agreement,2. 제조물책임의 인정 여부(상고이유 제1·2점),True
KR_8272e1d4abaf8ec55f,KR,,product_liability,product_liability,False,high,independent_agreement,이 사건 텔레비전은 그 이용시의 제품의 성상이 사회통념상 제품에 요구되는 합리적 안전성을 결여하여 '부당하게 위험한' 것으로서 그 제품에 결함이 있다고 볼 수밖에 없고,True
KR_bd9cba7b4f62c65d0a,KR,,product_liability,product_liability,False,high,independent_agreement,"이 사건 화재가 이 사건 차량의 제조상 결함으로 인하여 발생하였고, 따라서 그 제조자인 피고는 제조물책임으로서 위 차량이 전소됨으로 인한 손해를 배상할 의무가 있다고 인정한 원심의 판단",True
KR_b8f7e4d96ca6d41527,KR,,product_liability,product_liability,False,high,independent_agreement,따라서 제조업자가 이러한 고도의 위험방지의무를 위반한 채 생명·신체에 위해를 발생시킬 위험이 있는 화학제품을 설계하여 그대로 제조·판매한 경우에는 특별한 사정이 없는 한 그 화학제품에는 사회통념상 통상적으로 기대되는 안전성이 결여된 설계상의 결함이 존재한다고 봄이 상당하다.,True
KR_4a417b3e4eb96c19c1,KR,,product_liability,product_liability,False,high,independent_agreement,제조물책임과 불법행위책임의 성립에 관한 상고이유,True
KR_8954cbe1140427b3ef,KR,,product_liability,product_liability,False,high,independent_agreement,"일반적으로 제조물을 만들어 판매하는 자는 제조물의 구조, 품질, 성능 등에 있어서 현재의 기술 수준과 경제성 등에 비추어 기대가능한 범위 내의 안전성을 갖춘 제품을 제조하여야 하고",True
KR_2e57afc9436b5c385e,KR,,other_civil_liability,,True,high,independent_agreement,,False
KR_1db22dfee6cc310e77,KR,,other_civil_liability,other_civil_liability,False,high,accepted_primary,피고가 침수 피해를 방지할 만한 별다른 대책도 없이 성토공사를 하여 이 사건 사업부지 등의 지반고를 높임으로써 원고들의 토지 및 공장으로부터 흘러나오는 우수의 흐름을 막게 된 것이 위와 같은 침수 피해를 입게 된 원인이 되었으며 이는 민법 제221조 제1항에 따른 승수의무를 위반한 것이라고 판단하였는바,True
KR_8a49a0389073fce149,KR,,other_civil_liability,other_civil_liability,False,high,accepted_primary,"선박임차인은 재용선자인 제3자에 대하여 상법 제806조에 의한 책임, 즉 자신의 지휘·감독 아래에 있는 선장의 직무에 속한 범위 내에서 발생한 손해에 관하여 상법 제787조 및 제788조의 규정에 의한 책임을 진다",True
KR_644078b169f572b0fe,KR,,other_civil_liability,other_civil_liability,False,high,accepted_primary,부정경쟁행위로 영업상의 이익을 침해당한 자가 부정경쟁방지법 제5조에 따른 손해배상을 청구하는 경우,True
KR_517073e205fb216efb,KR,,other_civil_liability,other_civil_liability,False,high,accepted_primary,"우편집배원이 압류 및 전부명령 결정 정본을 특별송달하는 과정에서 민사소송법을 위반하여 부적법한 송달을 하고도 적법한 송달을 한 것처럼 우편송달보고서를 작성하여 압류 및 전부의 효력이 발생한 것과 같은 외관을 형성시켰으나, 실제로는 압류 및 전부의 효력이 발생하지 아니하여 집행채권자로 하여금 피압류채권을 전부받지 못하게 함으로써 손해를 입게 한 경우에는, 우편집배원의 위와 같은 직무상 의무위반과 집행채권자의 손해 사이에는 상당인과관계가 있다고 봄이 상당하고, 국가는 국가배상법에 의하여 그 손해에 대하여 배상할 책임이 있다고 할 것이다",True
US_5d2b0b2b4752431c53,US,Pennsylvania,general_negligence_personal_injury,general_negligence_personal_injury,False,high,accepted_primary,"We conclude that under the facts presented here, there was no peculiar risk or special danger involved in the task of driving an off-highway dump truck on a highway construction site.",True
US_3f0101285fcc76e2b1,US,Pennsylvania,general_negligence_personal_injury,other_civil_liability,True,high,independent_agreement,Appellants asserted several causes of action against Crown Cork sounding in tort or contract.,True
US_3a3052ef67238d90fa,US,Pennsylvania,general_negligence_personal_injury,general_negligence_personal_injury,False,high,accepted_primary,Appellant filed this negligence action against Pennsbury and other defendants,True
US_46a80b1c5e06a72d45,US,Pennsylvania,general_negligence_personal_injury,other_civil_liability,True,high,independent_agreement,"Appellant sued appellee on a theory of negligent misrepresentation under § 552 of the Restatement (Second) of Torts,[2] claiming appellee failed to comply with its statutory duties under the Act.",True
US_5905b849c15a6fb3d6,US,Pennsylvania,general_negligence_personal_injury,general_negligence_personal_injury,False,high,accepted_primary,"First, in Learn, a case involving a pedestrian struck by a vehicle turning left at an intersection",True
US_0eaf2fe14baa5be05e,US,Pennsylvania,general_negligence_personal_injury,general_negligence_personal_injury,False,high,accepted_primary,"Appellee commenced an action against the Commonwealth of Pennsylvania, Department of Transportation (PennDOT), alleging that PennDOT was negligent in failing to properly shield the steep embankment with a guardrail on the portion of the highway where the accident occurred and for failing to properly design, construct and maintain a safe highway.",True
US_89752cdd8fe08c1031,US,Pennsylvania,general_negligence_personal_injury,general_negligence_personal_injury,False,high,accepted_primary,"Mother alleged that Jarrett’s injuries occurred because of a defective and dangerous condition of the premises — namely, the concrete gym wall — and that the School was negligent in failing to install padded safety mats to cushion the wall.",True
US_369a2f88efd4f55df4,US,Pennsylvania,general_negligence_personal_injury,general_negligence_personal_injury,False,high,accepted_primary,"Appellant, Joan P. Grove, was awarded a jury verdict of $250,000.00 in the Court of Common Pleas of Allegheny County, in a personal injury action against Appellee, Port Authority of Allegheny County.",True
US_8b84f7c77a2cc4823f,US,Pennsylvania,general_negligence_personal_injury,general_negligence_personal_injury,False,high,accepted_primary,The complaint against the Diocesan Parties sounded in negligent retention and supervision.,True
US_cc8f60960ef40a7434,US,Pennsylvania,general_negligence_personal_injury,general_negligence_personal_injury,False,high,accepted_primary,"Charles Young applied his brakes in an effort to avoid the stopped traffic, but lost control of his vehicle and struck the center median of the interstate.",True
US_8e816087051c99374d,US,Pennsylvania,general_negligence_personal_injury,other_civil_liability,True,high,independent_agreement,"The Yenchis' complaint, filed in November 2003, asserted claims of negligence/willful disregard,3 fraudulent misrepresentation, violation of the Uniform Trade Practices and Consumer Protection Law (""UTPCPL""), 73 P.S. §§ 201-1-201-9.3, bad faith, negligent supervision, and breach of fiduciary duty.",True
US_f6a3b4ef121a4e3b04,US,Pennsylvania,general_negligence_personal_injury,,True,high,independent_agreement,,False
US_9cf64af04d2e95a72d,US,Pennsylvania,medical_professional_liability,,True,high,adjudicated,,False
US_2ce3ed6c0e8a324589,US,Pennsylvania,medical_professional_liability,medical_professional_liability,False,high,independent_agreement,We granted review in this medical malpractice case,True
US_77921eca4293bb5c27,US,Pennsylvania,medical_professional_liability,product_liability,True,high,independent_agreement,"Alleging further *1040 that Frito-Lay's Doritos are unsafe and defective because they fracture into hard, sharp fragments that are capable of lacerating the esophagus when eaten, Appellees set forth claims in negligence, strict liability, and breach of warranty.",True
US_38d924f1ad3609200a,US,Pennsylvania,medical_professional_liability,general_negligence_personal_injury,True,high,independent_agreement,"the Regesters commenced a wrongful death and survival action against Longwood, SCCMC, and others.",True
US_5e1df8e8cc45419467,US,Pennsylvania,medical_professional_liability,,True,high,independent_agreement,,False
US_63ffb974f8488a5664,US,Pennsylvania,medical_professional_liability,other_civil_liability,True,high,independent_agreement,The case before us arose because the Tuckers claim to have been defamed by the way in which several newspapers reported on Tucker II.,True
US_fa07baffd06e422309,US,Pennsylvania,medical_professional_liability,medical_professional_liability,False,high,independent_agreement,This case involved a routine medical malpractice case.,True
US_67cc0f02a85dfe7f69,US,Pennsylvania,medical_professional_liability,medical_professional_liability,False,high,independent_agreement,(“DCI”) is a healthcare organization that employs nephrologists who provide dialysis and kidney care to patients.,True
US_b362543043cab0106c,US,Pennsylvania,medical_professional_liability,general_negligence_personal_injury,True,high,independent_agreement,"Consequently, these allegations of negligence facially concern Erie’s alleged breach of a general social duty, not a breach of any duty created by the insurance policy itself.",True
US_cd09a42ab8bc802821,US,Pennsylvania,medical_professional_liability,product_liability,True,high,independent_agreement,"Walsh’s executor commenced this wrongful death and survival action against the manufacturers of various pesticides that he had applied during his career, asserting claims in strict products liability, negligence, and breach of warranty.",True
US_47210f2421779c756f,US,Pennsylvania,medical_professional_liability,medical_professional_liability,False,high,independent_agreement,"1999, Freed was discharged to home. On December 21, 2000, Freed filed a complaint against Geisinger and HealthSouth,[2] alleging that the nursing staff of both institutions failed to meet the nursing standard of care with regard to the treatment and prevention of pressure wounds on an immobilized patient. At a jury trial over which the Honorable Charles C. Bro",True
US_2b3ba71069d1e5eab9,US,Pennsylvania,medical_professional_liability,,True,high,independent_agreement,,False
US_57290d297c1a43a6d4,US,Pennsylvania,medical_professional_liability,,True,high,independent_agreement,,False
US_acb942a605c65e06f0,US,Pennsylvania,other_civil_liability,other_civil_liability,False,high,accepted_primary,"In addition, Northwest asserted: (1) breach of contract and fiduciary duties and theft of trade secrets against its ex-employees; (2) unfair competition against First National; and (3) misappropriation of trade secrets, tortious interference with contract, and civil conspiracy against Turk and First National.",True
US_6e94c6d394acfdcdc7,US,Pennsylvania,other_civil_liability,other_civil_liability,False,high,accepted_primary,Toy alleged that Defendants undertook a marketing scheme to disguise the true nature of the Policy and misrepresent it to be a savings or investment vehicle,True
US_78f2e4c0127c877a51,US,Michigan,general_negligence_personal_injury,general_negligence_personal_injury,False,high,accepted_primary,"During the party, Trent jumped off a slide and broke his leg.",True
US_5e6f9cfe4d6f03fb7f,US,Michigan,general_negligence_personal_injury,general_negligence_personal_injury,False,high,accepted_primary,"Analysis To establish a prima facie case of negligence, a plaintiff must prove four elements: (1) a duty owed by the defendant to the plaintiff, (2) a breach of that duty, (3) causation,[6] and (4) damages.",True
US_00f7c6571f18d3c66e,US,Michigan,general_negligence_personal_injury,,True,high,independent_agreement,,False
US_f42baf15f4f65533de,US,Michigan,general_negligence_personal_injury,,True,high,independent_agreement,,False
US_157a99d9bc34ad07c0,US,Michigan,general_negligence_personal_injury,general_negligence_personal_injury,False,high,accepted_primary,Nawrocki allegedly stepped on cracked and broken pavement on the surface of Kelly Road and sustained serious injuries to her right ankle,True
US_9c0d0f392a9c3505c1,US,Michigan,general_negligence_personal_injury,general_negligence_personal_injury,False,high,accepted_primary,"In this premises liability case the plaintiff, Violet Moeller, was injured when she tripped over a concrete tire stop in defendant church's parking lot.",True
US_2dc42d5d55548348de,US,Michigan,general_negligence_personal_injury,general_negligence_personal_injury,False,high,accepted_primary,Ahlam Kandil-Elsayed filed a negligence action based on premises liability,True
US_624564663f55368864,US,Michigan,medical_professional_liability,,True,high,independent_agreement,,False
US_c494ba6285904ce918,US,Michigan,medical_professional_liability,,True,high,independent_agreement,,False
US_7cae584411e6f22f4b,US,Michigan,medical_professional_liability,medical_professional_liability,False,high,independent_agreement,"He argues, through his mother as next friend, that these conditions are the proximate results of defendants’ negligence in treating his mother during her labor leading to his delivery.",True
US_0abf417417190c2e89,US,Michigan,medical_professional_liability,,True,high,adjudicated,,False
US_861576769645010c57,US,Michigan,medical_professional_liability,,True,high,adjudicated,"Plaintiffs sued Dr. Custer and the hospital, alleging that the fractures were the result of negligent medical procedures",False
US_9cac14d9a55b155cd4,US,Michigan,medical_professional_liability,medical_professional_liability,False,high,independent_agreement,"He argues, through his mother as next friend, that these conditions are the proximate results of defendants' negligence in treating his mother during her labor leading to his delivery.",True
US_b473e7585c6e5638dd,US,Michigan,medical_professional_liability,medical_professional_liability,False,high,independent_agreement,"As for plaintiff's remaining claims, however, each sounds in medical malpractice.",True
US_0cdf24e76568435f05,US,Michigan,medical_professional_liability,medical_professional_liability,False,high,independent_agreement,"Plaintiffs sued Dr. Custer and the hospital, alleging that the fractures were the result of negligent medical procedures",True
US_6dff55c6853f31d0a6,US,Michigan,medical_professional_liability,medical_professional_liability,False,high,independent_agreement,"Lesley Meyers brings this action on behalf of the estate of Samuel Corrado, claiming that defendants were negligent and committed medical malpractice in their treatment of Corrado, who died while a resident at defendant Shelby Nursing Center.",True
US_f72de5a85fdd45cf64,US,Michigan,medical_professional_liability,,True,high,independent_agreement,,False
US_36fd5aae9fa72a7fbb,US,Michigan,medical_professional_liability,,True,high,independent_agreement,We granted leave in this wrongful death medical malpractice case,False
US_71162df598a424d867,US,Michigan,medical_professional_liability,general_negligence_personal_injury,True,high,adjudicated,"Plaintiffs Judith and Joseph Kuznar sued Raksha Corporation, doing business as Crown Pharmacy (hereafter Crown Pharmacy), and its nonpharmacist employee Valerie Randall for negligence in refilling a prescription that resulted in injury to Judith.",True
US_02bde060086590cc77,US,Michigan,medical_professional_liability,,True,high,independent_agreement,alleging that Parikh erroneously advised Kelly Bowman that a growth in her breast was benign,False
US_9652590cf5c0086fbf,US,Michigan,medical_professional_liability,,True,high,independent_agreement,,False
US_f360178db4c0409aa2,US,Michigan,medical_professional_liability,,True,high,independent_agreement,,False
US_6d3421be0f42fb2f6b,US,Michigan,product_liability,product_liability,False,high,independent_agreement,In this case we consider the scope of a manufacturer’s or seller’s duty to warn of product risks under MCL 600.2948(2).,True
US_545cf69d7c7286aae7,US,Michigan,product_liability,general_negligence_personal_injury,True,high,independent_agreement,He later was injured when he fell from a utility pole on which he was working.,True
US_a072ff18b300a13dfd,US,Louisiana,general_negligence_personal_injury,,True,high,independent_agreement,,False
US_6e861d05305c993ccb,US,Louisiana,general_negligence_personal_injury,general_negligence_personal_injury,False,high,accepted_primary,"plaintiffs claim, the two began fighting on the sidewalk in the rear of the school",True
US_39be177337afd8d1be,US,Louisiana,general_negligence_personal_injury,,True,high,independent_agreement,ATTORNEY DISCIPLINARY PROCEEDINGS,False
US_a0047ad180b5e21d95,US,Louisiana,general_negligence_personal_injury,general_negligence_personal_injury,False,high,accepted_primary,DISCUSSION The plaintiffs' theory of the case is that the shoulder had a 2-4 inch depression in the asphalt which Brooks drove over while turning and which caused the backhoe to tip over.,True
US_0852f7949bcaa2bb53,US,Louisiana,general_negligence_personal_injury,general_negligence_personal_injury,False,high,accepted_primary,"This matter arises out of a personal injury lawsuit Harold Alex, Jr. (""Alex"") brought against Rayne Concrete Service (""Rayne Concrete"") and its insurer, Employers Mutual Casualty Company.",True
US_32ce5cc46af8c47b58,US,Louisiana,general_negligence_personal_injury,general_negligence_personal_injury,False,high,accepted_primary,Plaintiffs alleged that the DOTD was negligent in failing to erect adequate warning devices at the crossing and in failing to adequately mark the crossing.,True
US_162eb334cc7d5a8b91,US,Louisiana,general_negligence_personal_injury,,True,high,independent_agreement,,False
US_eafeabebaffbba2c82,US,Louisiana,general_negligence_personal_injury,general_negligence_personal_injury,False,high,accepted_primary,"We granted certiorari to resolve the narrow issue of whether the provisions of the Louisiana Comparative Fault Law, enacted by Act 431 of 1979 and effective August 1, 1980, apply to a wrongful death action commenced after the decedent's demise in November 2002, from mesothelioma allegedly contracted as a result of exposure to asbestos at various time periods from 1959 to 1974.",True
US_a83924c6ae07314b33,US,Louisiana,general_negligence_personal_injury,,True,high,independent_agreement,,False
US_8273a9a891358bad5d,US,Louisiana,general_negligence_personal_injury,other_civil_liability,True,high,independent_agreement,"The three lawsuits — which alleged causes of action in negligence, negligent misrepresentation, conspiracy, fraud, breach of fiduciary duty, unfair or deceptive acts or practices, and contractual liability — were consolidated.",True
US_bf6cccdd9b8a33c4a5,US,Louisiana,general_negligence_personal_injury,,True,high,independent_agreement,,False
US_2e67d6775a92caddee,US,Louisiana,general_negligence_personal_injury,,True,high,independent_agreement,,False
US_b1a79acce1af757b58,US,Louisiana,general_negligence_personal_injury,,True,high,independent_agreement,,False
US_e1da2d37a9dee8ec7b,US,Louisiana,general_negligence_personal_injury,,True,high,independent_agreement,,False
US_18fd4288d7f32131ce,US,Louisiana,general_negligence_personal_injury,,True,high,independent_agreement,,False
US_1042602a184dd1c50b,US,Louisiana,general_negligence_personal_injury,general_negligence_personal_injury,False,high,accepted_primary,"Suit was filed against Sheriff Foti, as criminal sheriff of the Parish of Orleans, the City of New Orleans, and XYZ Insurance Company, alleging that Sheriff Foti was negligent in holding the juvenile at the Orleans Parish Prison and releasing him without notifying his parents.",True
US_f9417e4d262285b1c6,US,Louisiana,product_liability,product_liability,False,high,independent_agreement,the plaintiff alleged that Lakeside Toyota failed to attach a revised airbag warning label to her vehicle which would have prevented her injuries.,True
US_02cd16f932838519ba,US,Louisiana,product_liability,,True,high,independent_agreement,"Plaintiffs' allegations against Glidden were based solely on Louisiana law, specifically alleging negligence and product liability.",False
US_5fb1681d1e52f4e709,US,Louisiana,product_liability,,True,high,independent_agreement,"The plaintiffs' causes of action in the prior litigation were based upon product liability claims related to alleged defects in design, defects in material or composition, and defects as a result of failure to warn.",False
US_03aa3f07d9d0e5332a,US,Nevada,general_negligence_personal_injury,general_negligence_personal_injury,False,high,accepted_primary,"Davenport sued Comstock Hills, alleging that it had acted negligently by failing to design, build, and maintain a reasonably safe retaining wall and by failing to warn her of the hazard.",True
US_74c861440b330e42dc,US,Nevada,general_negligence_personal_injury,other_civil_liability,True,high,independent_agreement,"Richardson, in turn, brought a third-party complaint against CCSD for, among other things, indemnity, contribution, and wrongful interference with a prospective business advantage.",True
US_1bd83c629182d24617,US,Nevada,general_negligence_personal_injury,,True,high,independent_agreement,,False
US_514a1afebc7c89ad3f,US,Nevada,general_negligence_personal_injury,,True,high,independent_agreement,"""this personal injury action""",False
US_0cb53a4c10c6b8a81c,US,Nevada,general_negligence_personal_injury,other_civil_liability,True,high,adjudicated,"James and Ann-Marie Parsons sued the gun companies in Nevada state court, alleging (1) wrongful death caused by the companies' knowing violation of 18 U.S.C. § 922(b)(4) (2019)",True
US_286292f7d56c91120b,US,Nevada,general_negligence_personal_injury,general_negligence_personal_injury,False,high,accepted_primary,"Raymond’s wife Elizabeth, individually and as the representative of her husband’s estate, as well as her son and two daughters (collectively, the Yeghiazarian family), filed a complaint against LVMPD and Officer Wicks (collectively, LVMPD) alleging negligence resulting in Raymond’s death.",True
US_bb44001945931d8610,US,Nevada,general_negligence_personal_injury,other_civil_liability,True,high,independent_agreement,"Medical monitoring is a novel, non-traditional tort and remedy.",True
US_af3a72d6a4fbf2544a,US,Nevada,general_negligence_personal_injury,general_negligence_personal_injury,False,high,accepted_primary,Sarah's father was fatally assaulted in a Wal-Mart parking lot.,True
US_c2f1eaa3640f0a9bbf,US,Nevada,general_negligence_personal_injury,,True,high,independent_agreement,,False
US_0bdc6cb112770284df,US,Nevada,general_negligence_personal_injury,,True,high,independent_agreement,"In this appeal from the district court's take- nothing judgment, we consider whether an injured party like appellant may assert NRS 485.3091, 1 Nevada's absolute-liability statute, in order to sue the tortfeasor's insurer after obtaining a judgment against the tortfeasor, and whether an injured party can pursue a bad faith claim against the insurer.",False
US_193c9ad26072b674b4,US,Nevada,product_liability,product_liability,False,high,independent_agreement,Appellants' primary contention centers on the district court's failure to adopt appellants' proffered instructions on their theory of liability; that warnings concerning the risk of carbon monoxide migration secondary to use of the boat's air conditioning system were inadequate.,True
US_b160a9deca3c2a648b,US,Nevada,product_liability,general_negligence_personal_injury,True,high,independent_agreement,Seput sued Dr. Lacayo for negligent maintenance of the premises and failure to warn or maintain adequate safeguards.,True
US_9f4d3cca3bba16c059,US,Nevada,product_liability,,True,high,independent_agreement,,False
US_bfd06f8cb32e6978f3,US,Nevada,product_liability,,True,high,independent_agreement,"On appeal, the only claim remaining before us is the products liability claim, which is a strict liability claim.",False
US_afc0614636d20e04b8,US,Nevada,other_civil_liability,other_civil_liability,False,high,accepted_primary,"The estate of Elfreda Gardner (""the Estate"") obtained a favorable jury verdict against Dean Witter Reynolds, Inc. and Warren House, a stockbroker and senior vice president of Dean Witter, based upon a theory of conspiracy to commit conversion of securities.",True
US_f2201634a8e19da0c7,US,Nevada,other_civil_liability,other_civil_liability,False,high,accepted_primary,"Yount sued Criswell, Radovan, CR Cal Neva, Criswell Radovan, LLC, the Cal Neva Lodge, LLC, Marriner and his real estate company, and others for breach of contract, breach of fiduciary duty, fraud, negligence, conversion, and securities fraud.",True
US_911c57466fa2dd122c,US,West Virginia,general_negligence_personal_injury,,True,high,independent_agreement,,False
US_bdeec2edbb47432c64,US,West Virginia,general_negligence_personal_injury,,True,high,independent_agreement,,False
US_e0f4e43491c639af90,US,West Virginia,general_negligence_personal_injury,general_negligence_personal_injury,False,high,accepted_primary,the viable wrongful death/negligence theory,True
US_e7bd006a7ac2277175,US,West Virginia,general_negligence_personal_injury,general_negligence_personal_injury,False,high,adjudicated,asserting causes of action for negligence and breach of contract based on Mr. Hayes’ alleged negligence in completing the elevation certificate.,True
US_ace4efc8607c66874a,US,West Virginia,general_negligence_personal_injury,,True,high,independent_agreement,,False
US_5786f3c28c6014a17f,US,West Virginia,general_negligence_personal_injury,general_negligence_personal_injury,False,high,accepted_primary,"Smith”) was injured when his vehicle collided with a truck owned by Modular, operated by Billy Joe McLaughlin (hereinafter “Mr.",True
US_15e86d45f19b975195,US,West Virginia,general_negligence_personal_injury,other_civil_liability,True,high,independent_agreement,The complaint alleged the following causes of action: (1) fraud; (2) “constitutional tort and statutory violations”; (3) child concealment; and (4) outrage/intentional infliction of emotional distress.,True
US_4ee87caff5124d4003,US,West Virginia,general_negligence_personal_injury,,True,high,independent_agreement,,False
US_667a9b663657012cdc,US,West Virginia,general_negligence_personal_injury,general_negligence_personal_injury,False,high,accepted_primary,"The Explorer collided into a Ford Escape driven by Lisa McCormick, who died in the collision.",True
US_07482ca42c075096bb,US,West Virginia,general_negligence_personal_injury,,True,high,independent_agreement,,False
US_0ed0e9c92a0a12ceca,US,West Virginia,product_liability,other_civil_liability,True,high,independent_agreement,we are asked to review a summary judgment order dismissing a negligent spoliation lawsuit against an insurance company.,True
US_4e8bd43839d97e3e1f,US,West Virginia,product_liability,,True,high,independent_agreement,,False
US_ecb5bb62f940e7f86f,US,West Virginia,product_liability,product_liability,False,high,independent_agreement,"The claim filed against the Appellees was premised upon the theories of negligence, failure to warn, breach of warranty, and strict liability.",True
US_cf1fe4f8bf2f7fa43b,US,West Virginia,other_civil_liability,other_civil_liability,False,high,accepted_primary,the tort of criminal conversation,True
