authoritative_issue_row,severity,layer,case_id,issue_code,issue,evidence,recommended_action,v4_resolution_status,v4_resolution_evidence
1,HARD,qc_artifact,,QC_REPORT_CONFLICT,The uploaded final QC CSV does not support the report's 200/200 resolved-pass claim.,"final_qc_final_200_v3.csv: final_pass=True 194, False 6.",Do not treat the corpus as frozen. Rebuild one canonical final QC artifact after all corrections and source replacements.,RESOLVED,"{""action"": ""global_final_invariant_reaudit"", ""canonical_qc_pass_count"": 200, ""neutral_fact_source_sync_count"": 200, ""us_controlling_opinion_pass_count"": 100}"
2,HARD,metadata_provenance,,STALE_NEUTRAL_FACT_SOURCE,neutral_fact_source is stale relative to the final source-language neutral fact in 79 records.,79/200 records; all are retained records amended after final QC.,"Set neutral_fact_source from the final source-language field, regenerate hashes/manifest, and rerun QC. Do not use the stale field downstream.",RESOLVED,"{""action"": ""global_final_invariant_reaudit"", ""canonical_qc_pass_count"": 200, ""neutral_fact_source_sync_count"": 200, ""us_controlling_opinion_pass_count"": 100}"
3,HARD,reference_text,,COMBINED_OPINION_CONTAMINATION,Many U.S. main_opinion_text fields are not clean controlling-opinion texts.,86/100 U.S. records have main_opinion_type='combined'; at least 47 contain explicit concurrence/dissent section markers.,"Before PCA/reference-feature extraction, split the controlling majority/lead opinion from concurrence/dissent. Revalidate fact extraction where facts came from non-controlling sections.",RESOLVED,"{""action"": ""global_final_invariant_reaudit"", ""canonical_qc_pass_count"": 200, ""neutral_fact_source_sync_count"": 200, ""us_controlling_opinion_pass_count"": 100}"
4,HIGH,source_grounding,,AGGREGATE_REVIEWED_MASTER,A large retained subset lacks per-fact original-opinion source spans.,143/200 records use a single REVIEWED_MASTER aggregate unit rather than auditable original-opinion fact-unit spans.,Do not claim exact per-fact source grounding for these records. Either reconstruct per-unit spans or describe this as human-reviewed aggregate grounding in the paper.,RESOLVED,"{""action"": ""global_final_invariant_reaudit"", ""canonical_qc_pass_count"": 200, ""neutral_fact_source_sync_count"": 200, ""us_controlling_opinion_pass_count"": 100}"
5,HARD,source_case,US_a07db3e0a97840c5b1,EXTRAORDINARY_WRIT_ONLY,R.J. REYNOLDS TOBACCO CO. v. DIST. CT. (CAMACHO) fails a hard source-eligibility rule.,The opinion states: 'Original petition for a writ of mandamus challenging a district court order granting reconsideration...'.,Replace; this violates the frozen rule excluding extraordinary-writ-only proceedings.,RESOLVED,"{""action"": ""source_level_replacement"", ""new_case_id"": ""US_59362b11f24be41b92"", ""new_final_qc_pass"": true, ""new_source_opinion_sha256"": ""76b9f37745829e44c524ad8de05065a7398617585b99acfe1b86ad7a6a083b4f"", ""reason"": ""extraordinary-writ-only opinion""}"
6,HARD,source_case,US_c387cc2f242da3c0dc,ADMINISTRATIVE_POLICY_CASE,"Sutton, K v. DOC Apl of Sutton fails a hard source-eligibility rule.",The Pennsylvania Supreme Court states the issue is whether the Department of Corrections acted permissibly in requiring inmates to surrender/send home certain boots.,"Replace; this is an administrative/injunctive prison-policy appeal, not a civil-liability/damages merits case.",RESOLVED,"{""action"": ""source_level_replacement"", ""new_case_id"": ""US_a15bd1ea6aa4ea1ed9"", ""new_final_qc_pass"": true, ""new_source_opinion_sha256"": ""81976478f8b73a6e5a1d8e0537edac41cca5b77c303dff50a19ee36d04a23431"", ""reason"": ""administrative prison-policy appeal""}"
7,HARD,source_case,US_b2c7f8c81dc1b0c361,CIVIL_ENFORCEMENT_RETROACTIVITY,"State of Louisiana v. Lynn E. Foret, M.D. fails a hard source-eligibility rule.",The Louisiana Supreme Court granted certiorari to decide retroactive application of the Insurance Fraud Prevention Act and Unfair Trade Practices Act to prior criminal misconduct.,Replace; this is not a private civil-liability/damages merits case in the intended corpus.,RESOLVED,"{""action"": ""source_level_replacement"", ""new_case_id"": ""US_5374560fdfdf536ed1"", ""new_final_qc_pass"": true, ""new_source_opinion_sha256"": ""f715543e8b3294aa6dc749b9dd6c252e6fd3504be47b780674461a6fb7f5a61c"", ""reason"": ""public civil-enforcement retroactivity case""}"
8,HARD,source_case,US_0852f7949bcaa2bb53,JURY_SELECTION_PROCEDURE,Alex v. Rayne Concrete Service fails a hard source-eligibility rule.,The Louisiana Supreme Court says it granted the writs to resolve how a Batson/Edmonson challenge in a civil trial may be reviewed and decided the juror challenge.,"Replace; the high-court merits issue is jury-selection procedure, not substantive civil liability.",RESOLVED,"{""action"": ""source_level_replacement"", ""new_case_id"": ""US_4a0f056bcec6698d7d"", ""new_final_qc_pass"": true, ""new_source_opinion_sha256"": ""8015a89b0c47b18859b8f53bb9dcb9ae99b75c2292d314603f38d9cec9ca50ec"", ""reason"": ""jury-selection procedure was the high-court issue""}"
9,HARD,source_case,US_1cfe591dc59be857da,DENIAL_ORDER_DISSENT_SOURCE,Bryan Punturo v. Brace Kern fails a hard source-eligibility rule.,Michigan Supreme Court record is an order on applications for leave to appeal; extracted fact spans begin inside a dissent from the order of denial.,Replace; this is not a controlling merits opinion and fact grounding relies on a non-controlling opinion.,RESOLVED,"{""action"": ""source_level_replacement"", ""new_case_id"": ""US_3aa1784247c016e937"", ""new_final_qc_pass"": true, ""new_source_opinion_sha256"": ""32dfee5104e35a5dbd52e93fe462491b542e90da47c3c0e11aa08bf737e56139"", ""reason"": ""leave-denial order; substance appeared only in separate opinions""}"
10,HARD,source_case,US_8636c5a0c5ede55860,DENIAL_ORDER_DISSENT_SOURCE,Kirk Scott Pedersen v. Meijer Stores Inc fails a hard source-eligibility rule.,Michigan Supreme Court denied leave to appeal; the remaining substantive text is Chief Justice Markman's dissent.,Replace; no controlling merits opinion was issued.,RESOLVED,"{""action"": ""source_level_replacement"", ""new_case_id"": ""US_979762a92670a0552a"", ""new_final_qc_pass"": true, ""new_source_opinion_sha256"": ""4b6ac80a656985080e4e5e367448b06f564d8ce1b729777fc8a4083d84b2e587"", ""reason"": ""leave-denial order; substance appeared only in dissent; the initially considered wet-floor candidate was also rejected because its controlling opinion addressed only lost-evidence procedure""}"
11,HARD,source_case,US_9b0dcb923fdb190dd3,DENIAL_ORDER_CONCURRENCE_SOURCE,Ronnie Dancer v. Clark Construction Company Inc fails a hard source-eligibility rule.,Michigan Supreme Court denied leave to appeal; the substantive text is a concurrence offering guidance.,Replace; no controlling merits opinion was issued.,RESOLVED,"{""action"": ""source_level_replacement"", ""new_case_id"": ""US_6fc55880fb74718547"", ""new_final_qc_pass"": true, ""new_source_opinion_sha256"": ""0c3cfad20df320aa22dcd56963e3df2e06218dda44c1087672b1575060695d81"", ""reason"": ""leave-denial order; substance appeared only in concurrence""}"
12,HARD,source_case,US_8026310f8d6a3819bd,WRONG_CONTROLLING_DATE_OUT_OF_WINDOW,"Poling v. Belington Bank, Inc. fails a hard source-eligibility rule.","Record metadata uses 2000-03-01, but the opinion states 'Decided July 13, 1999' and 'Dissenting Opinion ... March 1, 2000'.",Replace or exclude. The controlling decision is outside the 2000-2025 window; the stored date appears to come from the dissent.,RESOLVED,"{""action"": ""source_level_replacement"", ""new_case_id"": ""US_f57bc43fc6478fd8b2"", ""new_final_qc_pass"": true, ""new_source_opinion_sha256"": ""5d2a0f28a4fa97a8c42d18c0b8cbab2f447b35fdeec7d552192ee146ecad905d"", ""reason"": ""controlling decision was issued in 1999""}"
13,HARD,source_case,US_5905b849c15a6fb3d6,DUPLICATE_CASE_FAMILY,"Grove, J., Aplt. v. Port Authority is not an independent case family.","Grove v. Port Authority: same case title, same 2019-10-31 decision, same J-19A/J-19B matter; one record contains a separate opinion rather than an independent case.",Deduplicate; keep/review US_369a2f88efd4f55df4 as the canonical record and replace US_5905b849c15a6fb3d6 to maintain US n=100.,RESOLVED,"{""action"": ""source_level_replacement"", ""new_case_id"": ""US_384364b54638f78623"", ""new_final_qc_pass"": true, ""new_source_opinion_sha256"": ""ddb72973be4b02005434492531f16004907dc03502ffc71045ea841c8f43822a"", ""reason"": ""duplicate Grove litigation/case family""}"
14,HARD,source_case,US_9cac14d9a55b155cd4,DUPLICATE_CASE_FAMILY,Craig v. Oakwood Hospital is not an independent case family.,"Craig v. Oakwood Hospital: same 2004-07-23 Michigan Supreme Court matter and same docket set, duplicated through different source records.",Deduplicate; keep/review US_7cae584411e6f22f4b as the canonical record and replace US_9cac14d9a55b155cd4 to maintain US n=100.,RESOLVED,"{""action"": ""source_level_replacement"", ""new_case_id"": ""US_b675276d7ca44f64e2"", ""new_final_qc_pass"": true, ""new_source_opinion_sha256"": ""77cdca4fc31e3b4ea2658e2cac0afe81918a5a40cbb8b9d5145d14deb62fe964"", ""reason"": ""duplicate Craig litigation/case family""}"
15,HIGH,metadata,US_45c1de8fa5ac8eefab,DECISION_DATE_SEMANTICS,Stored decision date reflects a concurrence/amendment date rather than the original majority decision date.,"Stored decision_date=2003-07-07; opinion says Decided July 3, 2003 and Concurring Opinion July 7, 2003.",Store both decision_date and amended/secondary-opinion date explicitly; use the controlling decision date for matching.,RESOLVED,"{""action"": ""retained_and_reaudited_or_text_corrected"", ""case_id"": ""US_45c1de8fa5ac8eefab"", ""final_qc_pass"": true, ""neutral_fact_source_sha256"": ""f2223c20562bbe4cd5cd09f27cad4c99e8c9a6763adf7f2373a5ba64db9717dd"", ""source_opinion_sha256"": ""9f02a05a7af56fa0c58e456c532c1a17dd0c60b1534766a333101a18f29efc33""}"
16,HIGH,metadata,US_9c0d0f392a9c3505c1,DECISION_DATE_SEMANTICS,Stored decision date reflects a concurrence/amendment date rather than the original majority decision date.,"Stored decision_date=2000-09-19; opinion says Decided July 18, 2000 and Opinion Amended September 19, 2000.",Store both decision_date and amended/secondary-opinion date explicitly; use the controlling decision date for matching.,RESOLVED,"{""action"": ""retained_and_reaudited_or_text_corrected"", ""case_id"": ""US_9c0d0f392a9c3505c1"", ""final_qc_pass"": true, ""neutral_fact_source_sha256"": ""9deb73a8cb21ad3c33e87ea74ed24e11cf9e9cf3eba1bc1db562e96b6b7fe31e"", ""source_opinion_sha256"": ""f0c31421be6dcd3881c53fb1ed02ed872318be66ced72aadfe5d86daac016c8f""}"
17,HARD,neutral_fact,KR_4a417b3e4eb96c19c1,JUDICIAL_EVALUATION_LEAKAGE,손해배상(기) has a high-confidence neutral-fact defect.,"Neutral text repeats court evaluative statements such as asbestos exposure being 'not serious' and disease probability being low, plus 'fact-finding was wrong' / lack of proof wording.","Re-extract from raw factual allegations/evidence. Remove the court's risk assessment, evidentiary evaluation, and appeal framing.",RESOLVED,"{""action"": ""source_level_replacement"", ""new_case_id"": ""KR_c0c025922aca493f10"", ""new_final_qc_pass"": true, ""new_source_opinion_sha256"": ""f9f303ba355886ad32ef9a759f85c1d6007fe5667a54b5ac9f4e7254bb662adc"", ""reason"": ""HARD judicial-evaluation leakage; minimum product-to-general domain swap""}"
18,HARD,neutral_fact,KR_5beca7bd705b05bb94,FACT_INSUFFICIENT,손해배상(의) has a high-confidence neutral-fact defect.,"Final Korean master is one sentence: steroid was administered and could cause osteonecrosis. It omits the outcome, disclosure facts, and surrounding sequence needed to independently analyze the claim.",Re-extract a minimally sufficient fact pattern from the opinion; the current text does not satisfy the intended mandatory-four factual dimensions.,RESOLVED,"{""action"": ""source_level_replacement"", ""new_case_id"": ""KR_25ab15d21ac1967afd"", ""new_final_qc_pass"": true, ""new_source_opinion_sha256"": ""30f6be6c03e33b18f4955356e7e49828c02a2edc44f1ba640bded60292ee7970"", ""reason"": ""HARD fact insufficiency: controlling source omitted the patient outcome and surrounding treatment sequence""}"
19,HARD,neutral_fact,KR_f3fe352a4c02d16f80,FACT_INSUFFICIENT_AND_PROCEDURAL,손해배상(자) has a high-confidence neutral-fact defect.,Final master only says post-accident disability/loss-of-earning-capacity duration was reviewed and treatment-cost items were considered; it omits the accident conduct/causal sequence.,Re-extract the underlying event facts or replace if the Supreme Court opinion lacks them.,RESOLVED,"{""action"": ""source_level_replacement"", ""new_case_id"": ""KR_d47698374deaa59285"", ""new_final_qc_pass"": true, ""new_source_opinion_sha256"": ""1a2423fbc60fe02dfe1b1b32b4b23dfc4ac54e66e9476ab07572717a8820dd77"", ""reason"": ""HARD fact insufficiency: controlling source omitted the accident conduct and causal sequence""}"
20,HARD,neutral_fact,KR_882ce243b36c889fda,CAUSATION_ADJUDICATION_LEAKAGE,손해배상등[고용계약 체결의 청약에 대해 승낙의 의사표시를 구하는 사건] has a high-confidence neutral-fact defect.,Neutral text states that a committee determined the causal relationship between benzene and the disease was clear.,"Preserve exposure, diagnosis, death, and party allegations, but remove the authoritative causation determination from the experimental input.",RESOLVED,"{""action"": ""source_level_replacement"", ""new_case_id"": ""KR_1346b7ea49f678b93c"", ""new_final_qc_pass"": true, ""new_source_opinion_sha256"": ""0e202c2d265e80d7ce1bd3251ad26d8531cbf340fd47306d9a834680fcb81671"", ""reason"": ""source-scope recheck: controlling opinion centered on a special-hiring clause rather than the civil-liability merits""}"
21,HARD,neutral_fact,KR_cda2f7ae1f9162201f,COURT_CAUSAL_FINDING_LEAKAGE,손해배상 has a high-confidence neutral-fact defect.,Neutral text says the vehicle suddenly moved because PERSON_A abnormally pressed the accelerator 'as determined'.,"Remove the court's causal resolution; preserve observable evidence, absence of detected defects, and competing factual allegations separately.",RESOLVED,"{""action"": ""retained_and_reaudited_or_text_corrected"", ""case_id"": ""KR_cda2f7ae1f9162201f"", ""final_qc_pass"": true, ""neutral_fact_source_sha256"": ""513b689e28ae008cc8c9e21b5322775546c81652f71b4f7c5e175b7b1915aff8"", ""source_opinion_sha256"": ""76d9c79c2d5ca81fd8c11e12a9c75c0a5675cf617a517dda69b74ebc35156283""}"
22,HARD,neutral_fact,KR_adf561060b125d6b87,LEGAL_RULE_IN_NEUTRAL_FACT,손해배상(자) has a high-confidence neutral-fact defect.,Neutral text begins by defining uninsured-motorist coverage and how benefits are limited under policy terms.,"Remove legal/policy-rule exposition; keep only accident, injury, insurance relationship, and payment-relevant facts needed for the case.",RESOLVED,"{""action"": ""source_level_replacement"", ""new_case_id"": ""KR_e61f8571b55fd48e4c"", ""new_final_qc_pass"": true, ""new_source_opinion_sha256"": ""dfb15f7a7d50c08b1a8556b7ea8c1bc2d5bab9500a3da5d4d0739da0c4b1167f"", ""reason"": ""HARD legal-rule leakage and controlling source omitted the accident conduct needed for a sufficient neutral fact""}"
23,HARD,neutral_fact,US_ca3855b0593ebfc33e,US_DOCTRINE_MARKER_LEAKAGE,"M.M., a Minor, By and Through Her Mother, etc. v. Pfizer, Inc. has a high-confidence neutral-fact defect.",Neutral text explicitly includes 'strict liability theory' and an alleged warning obligation.,"Rewrite at factual level: what warnings were/weren't on the label, what was known, exposure, and injury. Do not expose a measured U.S.-law marker in the input.",RESOLVED,"{""action"": ""retained_and_reaudited_or_text_corrected"", ""case_id"": ""US_ca3855b0593ebfc33e"", ""final_qc_pass"": true, ""neutral_fact_source_sha256"": ""d0f0114a73665362c505f9df88783da99608727256354cdb12cc43a398f1acea"", ""source_opinion_sha256"": ""a716317b0e3c83d819e7ecbf333262ff93e87efb35de4cba833428a70c4a2b50""}"
24,HARD,neutral_fact,US_512d2cb96959fe1764,US_DOCTRINE_MARKER_LEAKAGE,Cromer v. Wilson has a high-confidence neutral-fact defect.,Neutral text says PERSON_B asserted that PERSON_A was 'comparatively negligent'.,Replace the doctrine label with the concrete conduct alleged to support comparative fault.,RESOLVED,"{""action"": ""retained_and_reaudited_or_text_corrected"", ""case_id"": ""US_512d2cb96959fe1764"", ""final_qc_pass"": true, ""neutral_fact_source_sha256"": ""8292034317c272e3246870ac7e94fff88d2b74af44d98f749c0eab637e5682e0"", ""source_opinion_sha256"": ""243b35f7144ad2ad95c2c546dd5b6a1973b481baaec26c2fb0c5f4eb8c482c6d""}"
25,HARD,neutral_fact,US_0ed0e9c92a0a12ceca,PROCEDURAL_LEGAL_LABEL_LEAKAGE,MacE v. Ford Motor Company has a high-confidence neutral-fact defect.,Neutral text explicitly refers to a 'product-liability lawsuit' and a contemplated 'civil action'.,Describe evidence preservation/destruction and knowledge facts without naming the legal claim or litigation posture.,RESOLVED,"{""action"": ""retained_and_reaudited_or_text_corrected"", ""case_id"": ""US_0ed0e9c92a0a12ceca"", ""final_qc_pass"": true, ""neutral_fact_source_sha256"": ""c37ac2e81c9b2b5c9523abb50aac6c8c87a2ed07d06eeb01585e18a02f63dfdb"", ""source_opinion_sha256"": ""18cc7e258643286dab0dcb4403c3540e4081094a75ed1df61cb42d7537458078""}"
26,HARD,neutral_fact,US_193fdb5b19590cbcab,ENTITY_NEUTRALIZATION_FAILURE,Arbogast v. Mid-Ohio Valley Medical Corp. has a high-confidence neutral-fact defect.,Neutral text retains 'Mid-[LOCATION_JURISDICTION] Valley Medical Corp./Urgent Care' and the surname 'Arbogasts'.,Replace surviving entity names with stable generic placeholders in both languages.,RESOLVED,"{""action"": ""retained_and_reaudited_or_text_corrected"", ""case_id"": ""US_193fdb5b19590cbcab"", ""final_qc_pass"": true, ""neutral_fact_source_sha256"": ""f6b4b5b1510d431ae1371abcff65b11845ab86c33fc242ad4c31e640d62be864"", ""source_opinion_sha256"": ""24539cb0c30053597b29bd00cd911e24d3c3f20d16ca6b76a8f816ba46355607""}"
27,HIGH,neutral_fact,KR_5ebeddec620aad3412,SEMANTIC_REDUNDANCY,The final bilingual neutral fact substantially repeats the same injury/loss event; the second statement mainly adds causal wording/context.,"[""Substantive factual content is duplicated in both final-language versions: the fall and ulna-fracture injury are reported once as an event and again in the causal explanation.""]",Consolidate into one grounded factual sentence to reduce repeated weighting of the same fact.,RESOLVED,"{""action"": ""retained_and_reaudited_or_text_corrected"", ""case_id"": ""KR_5ebeddec620aad3412"", ""final_qc_pass"": true, ""neutral_fact_source_sha256"": ""acca39fe4150a9a311860d712568b838d2f89aeef1523f0fb5aef4b869a46a30"", ""source_opinion_sha256"": ""7e75408a73ce4ca0408e9a558bd3a85031b13fb02c6fb5ce482d6118228bc34f""}"
28,HIGH,neutral_fact,KR_c9b0b61cc030200a6a,SEMANTIC_REDUNDANCY,The final bilingual neutral fact substantially repeats the same injury/loss event; the second statement mainly adds causal wording/context.,"[""The final factual content is duplicated: the failure to recover [CURRENCY_AMOUNT_B] is stated twice in both languages. The second statement adds the pre-supply and lack-of-notification context but repeats the same recovery failure and amount.""]",Consolidate into one grounded factual sentence to reduce repeated weighting of the same fact.,RESOLVED,"{""action"": ""source_level_replacement"", ""new_case_id"": ""KR_a1301398c0525889ea"", ""new_final_qc_pass"": true, ""new_source_opinion_sha256"": ""133c6716857781d6c5c6f6e74af905d6ef8731e230f96e4acf770539ea16fc59"", ""reason"": ""semantic redundancy; minimum additional other-to-general swap after rejecting a fee-only U.S. candidate""}"
29,HIGH,neutral_fact,US_3f0101285fcc76e2b1,SEMANTIC_REDUNDANCY,The final bilingual neutral fact substantially repeats the same injury/loss event; the second statement mainly adds causal wording/context.,"[""The final bilingual text contains redundant duplication of the same alleged injuries; the second sentence adds causation but substantially repeats the preceding factual statement.""]",Consolidate into one grounded factual sentence to reduce repeated weighting of the same fact.,RESOLVED,"{""action"": ""retained_and_reaudited_or_text_corrected"", ""case_id"": ""US_3f0101285fcc76e2b1"", ""final_qc_pass"": true, ""neutral_fact_source_sha256"": ""93be17daeae3078ff6038e596848451d7d3f5467357f1dc248dbdd421d189e48"", ""source_opinion_sha256"": ""30871bbab63af580ea369af9aa4d1f9db1b205007d583a5ab8d10fff60d15b4e""}"
30,HIGH,neutral_fact,US_78f2e4c0127c877a51,SEMANTIC_REDUNDANCY,The final bilingual neutral fact substantially repeats the same injury/loss event; the second statement mainly adds causal wording/context.,"[""The injury fact is substantively duplicated in both language versions. The second sentence adds causal wording but repeats the already stated broken-leg event, reducing neutral-fact concision and introducing redundant factual content.""]",Consolidate into one grounded factual sentence to reduce repeated weighting of the same fact.,RESOLVED,"{""action"": ""retained_and_reaudited_or_text_corrected"", ""case_id"": ""US_78f2e4c0127c877a51"", ""final_qc_pass"": true, ""neutral_fact_source_sha256"": ""ad902bacafcb97174dd50f99835222048d83feaac212927083a9a0c26731befb"", ""source_opinion_sha256"": ""5260f49459ddc905afc1219d3fb4f13896eb441417117c29716f8229b71eb521""}"
31,HIGH,qc_artifact,KR_d9b3ee3b261df8b463,STALE_QC_RESULT,The QC CSV flags litigation posture that is no longer present in the uploaded final neutral fact.,"[""The final text retains litigation posture by stating that [COMPANY_A] and [ORGANIZATION_A] are parties to the case; this is a procedural statement rather than a neutral real-world fact."",""The remaining factual content is supported by the source and is materially equivalent across Korean and English, with no identified entity, number, negation, temporal-order, or duplication defect.""]",Regenerate final QC from the actual final fact file; do not carry forward stale semantic results.,RESOLVED,"{""action"": ""retained_and_reaudited_or_text_corrected"", ""case_id"": ""KR_d9b3ee3b261df8b463"", ""final_qc_pass"": true, ""neutral_fact_source_sha256"": ""5f1a86696a8a6f7dd4cd272fc3bb011c36d6d224e0181b6a4db3a8cd48a4d02b"", ""source_opinion_sha256"": ""9c27c76082d7e4df39c2bdeb0512e8b73c41800d7b7c0b055300248d16865f66""}"
32,HIGH,neutral_fact,KR_872d527b52dfbd5927,LITIGATION_ROLE_OR_PLEADING_LANGUAGE,"Neutral fact retains litigation-role/pleading vocabulary such as plaintiff/defendant, complaint/petition, filed suit, or 'parties to the case'.","원고는 [PERSON_A] 외 3인이며, 피고는 [ORGANIZATION_A]이다. [PERSON_B]은 2015. 12. 28. 오른손으로 바닥을 짚으며 넘어진 후 팔을 올릴 수 없어 2015. 12. 29. [INSTITUTION_A]에 입원하였다. [INSTITUTION_A] 의료진은 MRI 검사 등을 거쳐 [PERSON_B]에게 오른쪽 어깨 전층 회전근개파열과 어깨충돌 증후군 소견이 있다고 진단하고, 전신마취 및 국소마취 아래 관절경을 이용한 수술을 계획하였다. 2015. 12. 30. 10:15경 [PERSON_C]은 수술실에서 [PERSON_B]에게 정맥 주사로 전신마취를 유도하고, 세보레와 아산화질소로 전신마취를 유지하였다. [PERSON_C]은 상완신경총 차단술을 위하여 [PERSON_B]의 목 부위에 리도카인과 로피바카인을 혼합 투여하여 국소마취를 하였고, 10:42경 [PERSON_D]에게 [PERSON_B]의 상태를 지켜보도록 지시한 후 수술실에서 나왔다. 수술은","Rewrite the same factual allegation using entity placeholders and epistemic status, without procedural-role labels.",RESOLVED,"{""action"": ""retained_and_reaudited_or_text_corrected"", ""case_id"": ""KR_872d527b52dfbd5927"", ""final_qc_pass"": true, ""neutral_fact_source_sha256"": ""53d3e4de0db9ea265b46f3480129a30295f5fc2bee5b87b4f863e0cd2a7dce00"", ""source_opinion_sha256"": ""7908bbbb9d38dff7c4e89b23f2fc40cecbccaa9d2c70764c4da58c9c2d2cf5c9""}"
33,HIGH,neutral_fact,KR_9dad33b6d6293b40f2,LITIGATION_ROLE_OR_PLEADING_LANGUAGE,"Neutral fact retains litigation-role/pleading vocabulary such as plaintiff/defendant, complaint/petition, filed suit, or 'parties to the case'.","사건 당사자는 [PERSON_A]와 [PERSON_B]로 표시되어 있다. [PERSON_A]는 1993. 10. 7.경 [PERSON_B]가 운영하는 [INSTITUTION_A]에 찾아가 이마와 턱을 높이고 눈 쌍꺼풀 수술을 받고 싶다며 성형수술에 관하여 상담했다. 1993. 11. 17. [PERSON_A]는 [PERSON_B]에게 [CURRENCY_AMOUNT_A]를 지급하고 턱과 이마 부위에 실리콘 보형물을 삽입하는 수술과 눈 쌍꺼풀 수술을 받았다. [PERSON_A]는 이후 [PERSON_B]에게 재수술을 요구했고, 1994. 12. 13.경 쌍꺼풀의 크기를 약간 줄이고 이마와 턱에 넣었던 보형물의 크기를 보다 얇은 것으로 교체하는 추가교정수술을 받았다. 턱과 이마 부위에 실리콘 보형물을 삽입하는 수술과 눈 쌍꺼풀 수술 및 그 후의 추가교정수술이 있은 뒤, 1997. 12.경부터 [PERSON_A]의 턱 부위에 삽입된 실리콘이 대각선으로 이동하기 시작했다. 1998. 10.경","Rewrite the same factual allegation using entity placeholders and epistemic status, without procedural-role labels.",RESOLVED,"{""action"": ""retained_and_reaudited_or_text_corrected"", ""case_id"": ""KR_9dad33b6d6293b40f2"", ""final_qc_pass"": true, ""neutral_fact_source_sha256"": ""55eeedc70d8b38876505b798432fc9c6040b8eb9477abbd252700b9ef36ff30c"", ""source_opinion_sha256"": ""4340396833e7f06b902c8c9189ba1859e8cae584835da044dd54674606c79f24""}"
34,HIGH,neutral_fact,KR_ab2b68c40724d0aa92,LITIGATION_ROLE_OR_PLEADING_LANGUAGE,"Neutral fact retains litigation-role/pleading vocabulary such as plaintiff/defendant, complaint/petition, filed suit, or 'parties to the case'.","원고 1 외 2인은 [PERSON_A]의 가족이었고, [ORGANIZATION_A]은 사고 장소를 포함한 [LOCATION_A] 일대를 관리하였다. [PERSON_A]는 18:30경 대학 선배 및 동기들과 [LOCATION_A]에 갔다가 19:20경 사고 장소 부근에서 물놀이를 하였다. 사고 장소의 물은 가운데까지 수심 50∼80cm였으나 우측 모래밭 부근에서 급격히 깊어져 최고 수심 약 2.5m인 지점이 있었고, [PERSON_A]는 그 지점에서 물속에 빠져 밖으로 나오지 못했다. 19:30경 사고 신고가 접수되었고, 구조요원이 19:36경 사고 장소에 도착하여 의사의 도움으로 [PERSON_A]에게 심폐소생술을 실시했으나 호전이 없었다. [PERSON_A]는 19:44경 구급차로 [INSTITUTION_A]에 후송되었다. H0002 기록에는 [PERSON_A]가 20:20경 질식 및 저체온으로 인한 심폐정지로 사망한 것으로 기재되어 있다. H0003 기록에는 [PERSON_A]가","Rewrite the same factual allegation using entity placeholders and epistemic status, without procedural-role labels.",RESOLVED,"{""action"": ""retained_and_reaudited_or_text_corrected"", ""case_id"": ""KR_ab2b68c40724d0aa92"", ""final_qc_pass"": true, ""neutral_fact_source_sha256"": ""8a7fa58994d75997dc525a149e459e264135f1b985fe64e0dbaadfe650c87f56"", ""source_opinion_sha256"": ""70eecb13ec375955ad2fa42e0ca1025f961850b9df0def459f34baf3b3ccd6cc""}"
35,HIGH,neutral_fact,KR_c2567a4fb9e71fc1f7,LITIGATION_ROLE_OR_PLEADING_LANGUAGE,"Neutral fact retains litigation-role/pleading vocabulary such as plaintiff/defendant, complaint/petition, filed suit, or 'parties to the case'.","원고 측 당사자는 원고 1 외 15인이고, 피고 측 당사자는 [COMPANY_A] 외 1인이다. [COMPANY_B]는 자동차대여업 등을 목적으로 하는 법인이었다. [PERSON_B]은 1996년 8월 13일 [PERSON_C]에게 [VEHICLE_A]를 1996년 8월 13일부터 1996년 9월 13일까지 대여하기로 하였고, 총 사용요금은 [CURRENCY_AMOUNT_A]였다. [PERSON_D]는 이를 연대보증했고, [VEHICLE_A]는 [PERSON_D]가 업무로 사용하기로 했다. [PERSON_C]는 자동차 운전면허가 있었으나 21세가 되지 않았고, [PERSON_D]는 21세 이상이었으나 자동차 운전면허가 없었다. [PERSON_C]는 대여계약 직후 [VEHICLE_A]를 인도받아 운전했다. [PERSON_D]는 [VEHICLE_A]의 임차비용을 모두 부담했고, 단란주점 종업원들에게 영업에 필요한 때마다 [VEHICLE_A]를 운전하게 했으며 때때로 직접 운전했다. 19","Rewrite the same factual allegation using entity placeholders and epistemic status, without procedural-role labels.",RESOLVED,"{""action"": ""source_level_replacement"", ""new_case_id"": ""KR_46eecae742ccab2781"", ""new_final_qc_pass"": true, ""new_source_opinion_sha256"": ""2c5360c35fe26808177b091e3ed30a9ed652518f04f097140d5162a4a97e675d"", ""reason"": ""minimum general-to-medical swap required after rejecting the procedure-only wet-floor U.S. replacement""}"
36,HIGH,neutral_fact,KR_c93d64dedb05abdc5b,LITIGATION_ROLE_OR_PLEADING_LANGUAGE,"Neutral fact retains litigation-role/pleading vocabulary such as plaintiff/defendant, complaint/petition, filed suit, or 'parties to the case'.","[PERSON_A]는 제왕절개술로 출산된 신생아였고, [INSTITUTION_A] 의료진이 진료하였다. 원고 측은 [INSTITUTION_A] 의료진이 대사성 산증의 원인 검사와 후속 검사를 하지 않았고, 혈압과 소변량을 측정하지 않았으며, 중단한 인공호흡기 치료를 다시 시행하지 않았다고 주장하였다. 출생 직후 [PERSON_A]에게 주산기 가사의 징후가 있었고, [INSTITUTION_A] 의료진은 선천성 기형과 패혈증 등에 대한 검사를 시행하였다. 일부 검사 결과가 나오기 전에 [PERSON_A]는 출생 후 42시간 만에 급속히 악화되어 사망하였다. [INSTITUTION_A] 의료진은 [PERSON_A]에게 중탄산나트륨을 투여했고, 혈액의 pH가 7.309로 회복된 뒤 [PERSON_A]의 자가호흡이 양호해지자 출생 후 12시간 만에 인공호흡기와 기관내 삽관을 제거하고 동맥혈가스 분석검사를 시행하였다. [INSTITUTION_A] 의료진은 중탄산나트륨 추가 투여 없이 동맥혈가스","Rewrite the same factual allegation using entity placeholders and epistemic status, without procedural-role labels.",RESOLVED,"{""action"": ""retained_and_reaudited_or_text_corrected"", ""case_id"": ""KR_c93d64dedb05abdc5b"", ""final_qc_pass"": true, ""neutral_fact_source_sha256"": ""ee7500acf872f13db7c468d3d58c6a0ff9f7b36cb82bd535bf3a3ee8918f6c88"", ""source_opinion_sha256"": ""2e1294bd04c477cb0c223d839b3d482763c857c9bc8c36f214d0a110663c93a6""}"
37,HIGH,neutral_fact,KR_a41002435a915c75d1,LITIGATION_ROLE_OR_PLEADING_LANGUAGE,"Neutral fact retains litigation-role/pleading vocabulary such as plaintiff/defendant, complaint/petition, filed suit, or 'parties to the case'.","이 사건 당사자 중에는 [ORGANIZATION_A], [PERSON_B], [PERSON_C], [PERSON_D]가 포함되어 있었다. [PERSON_B]은 산부인과 전문의였고, [PERSON_C]는 내과 전문의였으며 [PERSON_D]는 간호조무사였다. 2004년 2월 18일 10시 50분경 [PERSON_B]은 [PERSON_A]에게 마취유도 후 소음순 절제술을 시작하였다. 수술 중 [PERSON_A]가 계속 움직이자 [PERSON_D]가 적정 투여량보다 많은 마취제를 투여하였다. 10시 57분경 맥박산소계측기에서 경고음이 울렸고 [PERSON_A]의 호흡이 정지되었다. [PERSON_C]는 [PERSON_B]의 요청을 받아 [PERSON_A]에게 기관내 삽관을 시도하였으나 실패하였고, 앰부를 사용하여 인공호흡을 하였다. 11시 10분경 [PERSON_A]는 구급차로 이송되었고, 11시 20분경 [INSTITUTION_A] 응급실에 도착하였다. [PERSON_A]가 [INSTI","Rewrite the same factual allegation using entity placeholders and epistemic status, without procedural-role labels.",RESOLVED,"{""action"": ""retained_and_reaudited_or_text_corrected"", ""case_id"": ""KR_a41002435a915c75d1"", ""final_qc_pass"": true, ""neutral_fact_source_sha256"": ""78441d361aa96fae67df47d5ee493cd455e01d8ccb2e81dce6ab72eedb369d48"", ""source_opinion_sha256"": ""64c2397db290db596985d88ac3f13e8334fbea9b3b1da7455e740a04abd51892""}"
38,HIGH,neutral_fact,KR_bcc14552a5ebdd0945,LITIGATION_ROLE_OR_PLEADING_LANGUAGE,"Neutral fact retains litigation-role/pleading vocabulary such as plaintiff/defendant, complaint/petition, filed suit, or 'parties to the case'.","[PERSON_D]는 환자였고, [PERSON_B]와 [PERSON_C] 및 [COMPANY_A]는 진료에 관여한 당사자들이었다. [PERSON_A]는 기계판막을 사용한 승모판막 치환술을 받았다. [PERSON_B]는 [PERSON_A]에게 수술 후 상처 통증에 관해 설명했지만 수술 부위 통증과 심장 통증을 구분한 주의사항은 설명하지 않았다. [PERSON_C]도 그 사항을 설명하지 않았다. [PERSON_A]는 2004년 6월 12일 19시경 호흡 곤란 등의 통증을 느꼈지만 즉시 [COMPANY_A]를 찾아가지 않았다. [PERSON_B]와 [PERSON_C]는 [PERSON_A]에게 항응고제의 효과와 부작용, 복용 시 유의사항 및 즉시 진료가 필요한 경우를 구두로 설명하지 않았다. [PERSON_A]는 같은 날 21시 30분경 호흡 곤란이 심해지고 심장이 전기처럼 튀듯 두근거린다고 하며 [PERSON_D]에게 구급대를 불러 달라고 했다. [PERSON_A]는 구급대를 기다리던 중","Rewrite the same factual allegation using entity placeholders and epistemic status, without procedural-role labels.",RESOLVED,"{""action"": ""retained_and_reaudited_or_text_corrected"", ""case_id"": ""KR_bcc14552a5ebdd0945"", ""final_qc_pass"": true, ""neutral_fact_source_sha256"": ""265b3eed474992b4a7604d0bf63c29654fd332f32ceffe7c2c1ed8f83eeddfbc"", ""source_opinion_sha256"": ""65532bad4a44bfd2802f94945da353bf949901f0394baf362445f44b234a814f""}"
39,HIGH,neutral_fact,KR_fdfefa335ed21439c0,LITIGATION_ROLE_OR_PLEADING_LANGUAGE,"Neutral fact retains litigation-role/pleading vocabulary such as plaintiff/defendant, complaint/petition, filed suit, or 'parties to the case'.","당사자는 [PERSON_A]와 [PERSON_B], [ORGANIZATION_A] 및 그 소속 의료진이다. 1998. 11. 25. [PERSON_C]는 [ORGANIZATION_A]가 운영하는 [INSTITUTION_A]에서 [PERSON_A]를 진료하였다. 1998. 11. 25. 09:20경, 임신 35주 6일인 [PERSON_A]를 진찰한 [PERSON_C]는 쌍태아 중 한 태아가 사망한 것을 확인하고 생존 태아를 관찰하기 위해 입원하도록 권유하였다. [INSTITUTION_A]에서는 같은 날 11:36경부터 13:40경까지 두 차례 태아감시장치에 의한 비수축검사를 실시하였다. [PERSON_D]는 같은 날 18:50경 퇴근하면서 [PERSON_E]에게 태아감시장치로 [PERSON_A]와 태아의 상태를 관찰하고 이상이 있으면 전화로 연락하도록 지시하였다. [PERSON_E]는 같은 날 19:50경부터 22:00경까지 [PERSON_A]의 복부에 태아감시장치를 부착하여 [PER","Rewrite the same factual allegation using entity placeholders and epistemic status, without procedural-role labels.",RESOLVED,"{""action"": ""retained_and_reaudited_or_text_corrected"", ""case_id"": ""KR_fdfefa335ed21439c0"", ""final_qc_pass"": true, ""neutral_fact_source_sha256"": ""60049cae186f8d92b4d42c17ab6113bbbb5acd43e37dac0073ba4086473fbad3"", ""source_opinion_sha256"": ""e731873cd637c54fef9a817cdb0ebcff0cfe700d8943fd39ba73a5060031a109""}"
40,HIGH,neutral_fact,KR_1e296dbb0bcebaab8f,LITIGATION_ROLE_OR_PLEADING_LANGUAGE,"Neutral fact retains litigation-role/pleading vocabulary such as plaintiff/defendant, complaint/petition, filed suit, or 'parties to the case'.","이 사건의 한 당사자는 [COMPANY_A]이고 다른 당사자는 [PERSON_A]이다. [COMPANY_A]는 [PERSON_GROUP_A]와 보험계약을 체결하였고, [PERSON_A]는 [PERSON_GROUP_A]와 진료계약을 체결하였다. [PERSON_A]는 [PERSON_GROUP_A]에게 요양급여 대상 진료를 제공하면서 이를 비급여 대상 진료로 분류하고, 환자 본인부담금을 초과하는 진료비를 받았다. [PERSON_A]는 [PERSON_GROUP_A]에게 요양급여 대상 진료를 비급여 항목으로 기재한 진료비 청구서를 작성하여 교부하고 그 진료비를 받았다. [COMPANY_A]는 [PERSON_GROUP_A]에게 비급여 금액과 환자 부담분의 차액에 상응하는 보험금을 추가로 지급하였다.","Rewrite the same factual allegation using entity placeholders and epistemic status, without procedural-role labels.",RESOLVED,"{""action"": ""source_level_replacement"", ""new_case_id"": ""KR_6a3e8f577c00b9c20c"", ""new_final_qc_pass"": true, ""new_source_opinion_sha256"": ""5c558db310d17037588e3ca04bbbb47a5d381b6a39dae365c8a050012a28d729"", ""reason"": ""procedural-role wording; minimum other-to-medical domain swap""}"
41,HIGH,neutral_fact,US_00df5ba88ee9d43fd5,LITIGATION_ROLE_OR_PLEADING_LANGUAGE,"Neutral fact retains litigation-role/pleading vocabulary such as plaintiff/defendant, complaint/petition, filed suit, or 'parties to the case'.","[COMPANY_A] hired [COMPANY_B] in 2004 to relocate a gas pipeline on a large tract of wooded, unimproved land. On August 7, 2004, [COMPANY_B] drove a small bulldozer, with its blade raised off the ground, through an area containing grave sites. The plaintiffs alleged that the graves were not indicated on any map, identified in a deed, marked by an obvious sign, included on a government-maintained list, or otherwise reasonably identifiable as an area containing graves. [COMPANY_B] contended that t","Rewrite the same factual allegation using entity placeholders and epistemic status, without procedural-role labels.",RESOLVED,"{""action"": ""retained_and_reaudited_or_text_corrected"", ""case_id"": ""US_00df5ba88ee9d43fd5"", ""final_qc_pass"": true, ""neutral_fact_source_sha256"": ""40d177395f926b37cf598f31c879fed3df2913faf0ac7c21e54b1c49bc9fda82"", ""source_opinion_sha256"": ""dd36e253e2da87e1ea441cb2774aa8e0a4b6066496413a72b1ad11aab12ce808""}"
42,HIGH,neutral_fact,US_0cdf24e76568435f05,LITIGATION_ROLE_OR_PLEADING_LANGUAGE,"Neutral fact retains litigation-role/pleading vocabulary such as plaintiff/defendant, complaint/petition, filed suit, or 'parties to the case'.","[PERSON_A], a fifteen-day-old infant, was admitted to [INSTITUTION_A] and was treated for a respiratory problem. During the stay in the pediatric intensive care unit, [PERSON_A] was under the care of [PERSON_B]. After [PERSON_A] was moved from the pediatric intensive care unit to the general hospital ward, physicians there discovered fractures in both of [PERSON_A]’s legs. Both of [PERSON_A]’s legs were fractured during the hospital stay. The plaintiffs alleged that an arterial line was improper","Rewrite the same factual allegation using entity placeholders and epistemic status, without procedural-role labels.",RESOLVED,"{""action"": ""retained_and_reaudited_or_text_corrected"", ""case_id"": ""US_0cdf24e76568435f05"", ""final_qc_pass"": true, ""neutral_fact_source_sha256"": ""addc2b1001a8ef4d7bb2c286df69b8f40b90004b0c6fd5893ec5bb81a873c6bc"", ""source_opinion_sha256"": ""d547363f23311ff4bf921584954533970cd1bd01fbe26cd9a1a04673d21e82ae""}"
43,HIGH,neutral_fact,US_15e86d45f19b975195,LITIGATION_ROLE_OR_PLEADING_LANGUAGE,"Neutral fact retains litigation-role/pleading vocabulary such as plaintiff/defendant, complaint/petition, filed suit, or 'parties to the case'.","In December 2010, [PERSON_A] and [PERSON_B], the paternal grandparents of [PERSON_C], were granted legal guardianship of [PERSON_C]. After the guardianship was granted, [PERSON_C] resided with [PERSON_A] and [PERSON_B] at [LOCATION_A]. The initial petition alleged that [PERSON_F] engaged in domestic violence in the presence of [PERSON_C]’s sister, failed to maintain the sister’s hygiene, and failed to provide the children with necessary food, clothing, supervision, and housing. As to [PERSON_C],","Rewrite the same factual allegation using entity placeholders and epistemic status, without procedural-role labels.",RESOLVED,"{""action"": ""retained_and_reaudited_or_text_corrected"", ""case_id"": ""US_15e86d45f19b975195"", ""final_qc_pass"": true, ""neutral_fact_source_sha256"": ""366b343b59d1cb34b0a7d184360c1b986733ebdafeb085046f24c57433db64e1"", ""source_opinion_sha256"": ""c98f58285e97b1c3f76658e8fa4516e635b56779e7f485c729b5da6d1d04897e""}"
44,HIGH,neutral_fact,US_1aba36d98e0653f066,LITIGATION_ROLE_OR_PLEADING_LANGUAGE,"Neutral fact retains litigation-role/pleading vocabulary such as plaintiff/defendant, complaint/petition, filed suit, or 'parties to the case'.","[PERSON_B] was a supervisor at [COMPANY_A]'s assembly plant where [PERSON_A] worked. [PERSON_A] alleged that, while she was working in the summer of 1995, [PERSON_B] exposed himself while masturbating and requested that she perform oral sex. [PERSON_A] further claimed that [PERSON_B] repeatedly grabbed, rubbed, and touched his groin, licked his lips, and made sexually related comments. [PERSON_A] had not filed a formal written complaint of sexual harassment under [COMPANY_A]'s antiharassment pol","Rewrite the same factual allegation using entity placeholders and epistemic status, without procedural-role labels.",RESOLVED,"{""action"": ""retained_and_reaudited_or_text_corrected"", ""case_id"": ""US_1aba36d98e0653f066"", ""final_qc_pass"": true, ""neutral_fact_source_sha256"": ""151d2869ef402df95ee35f3bce04b57174c99548f51f9503ccc1fe09fc7dc8c7"", ""source_opinion_sha256"": ""5b8d0ef34c1cf5d5731ca0e6b0fe83dcd4ed2ae6cb7960fd805b9a32b0455cca""}"
45,HIGH,neutral_fact,US_47210f2421779c756f,LITIGATION_ROLE_OR_PLEADING_LANGUAGE,"Neutral fact retains litigation-role/pleading vocabulary such as plaintiff/defendant, complaint/petition, filed suit, or 'parties to the case'.","On November 6, 1998, [PERSON_A] was involved in a single-vehicle accident, was hospitalized at [INSTITUTION_A], and was transferred to [INSTITUTION_B] for rehabilitation therapy. The accident caused [PERSON_A] to suffer spinal cord injuries and paraplegia. While receiving rehabilitation therapy at [INSTITUTION_B], [PERSON_A] developed pressure wounds on the buttocks and sacrum. The pressure wounds became infected, requiring [PERSON_A] to return to [INSTITUTION_A] for surgical debridement and the","Rewrite the same factual allegation using entity placeholders and epistemic status, without procedural-role labels.",RESOLVED,"{""action"": ""retained_and_reaudited_or_text_corrected"", ""case_id"": ""US_47210f2421779c756f"", ""final_qc_pass"": true, ""neutral_fact_source_sha256"": ""1b18e65ff80446eaeee3e59f9125f15a2a2c9e61cc69092524b487a6c3c5528f"", ""source_opinion_sha256"": ""309f505622262ac867039ab9df6a1088bfc136e2fd4220e7a66448ef89b6990d""}"
46,HIGH,neutral_fact,US_63ffb974f8488a5664,LITIGATION_ROLE_OR_PLEADING_LANGUAGE,"Neutral fact retains litigation-role/pleading vocabulary such as plaintiff/defendant, complaint/petition, filed suit, or 'parties to the case'.","[PERSON_A] and [PERSON_B] were spouses and jointly brought a claim concerning injuries that [PERSON_A] attributed to records including [PRODUCT_A]. In February 1996, [COMPANY_A] distributed [PRODUCT_A], in which [PERSON_C] responded to [PERSON_A]'s campaign against gangsta-rap. The lyrics referred to prostitution and asserted that [PERSON_A] was interested only in money and had sold out Black interests to white politicians. From 1993 through 1997, [PERSON_A] led a high-profile campaign against g","Rewrite the same factual allegation using entity placeholders and epistemic status, without procedural-role labels.",RESOLVED,"{""action"": ""retained_and_reaudited_or_text_corrected"", ""case_id"": ""US_63ffb974f8488a5664"", ""final_qc_pass"": true, ""neutral_fact_source_sha256"": ""35ac73509c890817f25f3bb6075bcb47d928227ef553bd062ddeba644a5ff528"", ""source_opinion_sha256"": ""ecfee5d5ee60b01623e053fee505c602ccc5c1a62ad977bd305c718a7a380df2""}"
47,HIGH,neutral_fact,US_6e861d05305c993ccb,LITIGATION_ROLE_OR_PLEADING_LANGUAGE,"Neutral fact retains litigation-role/pleading vocabulary such as plaintiff/defendant, complaint/petition, filed suit, or 'parties to the case'.","[PERSON_A] was the mother of [PERSON_B] and filed suit individually and on behalf of [PERSON_B]'s half-siblings, [PERSON_C] and [PERSON_D]. [PERSON_B] was involved in an ongoing feud with [PERSON_E]. Before the incident, [PERSON_B] had been expelled from [ORGANIZATION_A] and was attending [ORGANIZATION_B]. On December 14, 2009, [PERSON_B] was dropped off behind [ORGANIZATION_A] after classes at [ORGANIZATION_B] had ended and began walking home. [PERSON_F] allegedly instigated a fight between [PE","Rewrite the same factual allegation using entity placeholders and epistemic status, without procedural-role labels.",RESOLVED,"{""action"": ""retained_and_reaudited_or_text_corrected"", ""case_id"": ""US_6e861d05305c993ccb"", ""final_qc_pass"": true, ""neutral_fact_source_sha256"": ""369acf600201d690f6d3c21b6e042847b822a51ef833f1e399c3cd1722c11130"", ""source_opinion_sha256"": ""8a657c91667fffbadf3817aa5801a74721c684b405a6f3c09db123e7c7e25113""}"
48,HIGH,neutral_fact,US_71162df598a424d867,LITIGATION_ROLE_OR_PLEADING_LANGUAGE,"Neutral fact retains litigation-role/pleading vocabulary such as plaintiff/defendant, complaint/petition, filed suit, or 'parties to the case'.","[PERSON_B] took a prescription for [PRODUCT_A] to be refilled at [COMPANY_A] for his wife, [PERSON_A], who was taking the medication on her physician's orders to control symptoms of restless leg syndrome. [PERSON_C] allegedly refilled [PERSON_A]'s prescription with [PRODUCT_A] tablets containing eight times the prescribed dosage. [PERSON_C] was allegedly an employee of [COMPANY_A], allegedly was not a licensed pharmacist, and allegedly was not acting under a pharmacist's supervision. On November","Rewrite the same factual allegation using entity placeholders and epistemic status, without procedural-role labels.",RESOLVED,"{""action"": ""retained_and_reaudited_or_text_corrected"", ""case_id"": ""US_71162df598a424d867"", ""final_qc_pass"": true, ""neutral_fact_source_sha256"": ""19870f52dc53f4cfdcacf9580d15d6475145c7a5d78b801286e8fe3afa28a762"", ""source_opinion_sha256"": ""e3c5025190324869014183abd818e905524050f8b7d6bf00fe586d61a5f459a2""}"
49,HIGH,neutral_fact,US_74c861440b330e42dc,LITIGATION_ROLE_OR_PLEADING_LANGUAGE,"Neutral fact retains litigation-role/pleading vocabulary such as plaintiff/defendant, complaint/petition, filed suit, or 'parties to the case'.","[ORGANIZATION_A] hired [COMPANY_A], a general contractor, to construct improvements to [LOCATION_A]. After construction was completed, [COMPANY_B] filed a complaint against [COMPANY_A] for unpaid amounts due on its completed work. [COMPANY_A] brought a third-party complaint against [ORGANIZATION_A] concerning indemnity, contribution, and wrongful interference with a prospective business advantage. [COMPANY_A]'s expert prepared a report on delay damages allegedly caused by [ORGANIZATION_A]. [COMP","Rewrite the same factual allegation using entity placeholders and epistemic status, without procedural-role labels.",RESOLVED,"{""action"": ""source_level_replacement"", ""new_case_id"": ""US_0bdc6cb112770284df"", ""new_final_qc_pass"": true, ""new_source_opinion_sha256"": ""afd691e64b7914c25084068f5a791f28d0ef33095393374ea0d755bee0e87a33"", ""reason"": ""source-scope recheck: the controlling opinion concerns discovery conduct and trial sanctions in a construction-contract dispute, not civil-liability merits""}"
50,HIGH,neutral_fact,US_b24ef2018816af9946,LITIGATION_ROLE_OR_PLEADING_LANGUAGE,"Neutral fact retains litigation-role/pleading vocabulary such as plaintiff/defendant, complaint/petition, filed suit, or 'parties to the case'.","On March 15, 2008, a multi-vehicle accident occurred. [PERSON_A] sustained injuries and filed suit against [PERSON_B], who was alleged to have caused the accident. [PERSON_A] alleged that [COMPANY_C], the alleged manufacturer and distributor of [VEHICLE_A], failed to deploy the airbag, and that [COMPANY_A] and [COMPANY_B] failed to preserve [VEHICLE_A] for inspection despite notice that preservation was needed to determine whether defects existed. [PERSON_A] alleged that shortly after the accide","Rewrite the same factual allegation using entity placeholders and epistemic status, without procedural-role labels.",RESOLVED,"{""action"": ""retained_and_reaudited_or_text_corrected"", ""case_id"": ""US_b24ef2018816af9946"", ""final_qc_pass"": true, ""neutral_fact_source_sha256"": ""dd16d1c66b2ee1ee2a05c5dd352cacc627c6be47d804f78ba21794ac176e0529"", ""source_opinion_sha256"": ""934699e9a60a76c2f197f3ab2ad0fc049a0ae3b79cdf2ac2dbec284c90353c0f""}"
51,HIGH,neutral_fact,US_b473e7585c6e5638dd,LITIGATION_ROLE_OR_PLEADING_LANGUAGE,"Neutral fact retains litigation-role/pleading vocabulary such as plaintiff/defendant, complaint/petition, filed suit, or 'parties to the case'.","[PERSON_A] was admitted to [INSTITUTION_A]'s [LOCATION_A] after an aneurysm caused her to suffer a stroke and subsequently go into cardiac arrest. While in [LOCATION_A], [PERSON_A] needed assistance to use the restroom. The complaint alleges that [PERSON_B], acting alone, tried to move [PERSON_A] to the bathroom. The complaint alleges that [PERSON_B] dropped [PERSON_A] while attempting to move [PERSON_A] to the bathroom and then dropped [PERSON_A] a second time while attempting to assist [PERSON","Rewrite the same factual allegation using entity placeholders and epistemic status, without procedural-role labels.",RESOLVED,"{""action"": ""retained_and_reaudited_or_text_corrected"", ""case_id"": ""US_b473e7585c6e5638dd"", ""final_qc_pass"": true, ""neutral_fact_source_sha256"": ""8c5d549fd1f569cdcd1ea46d0a7bee3e9d634d688a5a1e259fc9a819cc15d83f"", ""source_opinion_sha256"": ""ef9b27cfba2965d84d9c212b426c732a0944ec41388af5cb1c7d164108b63823""}"
52,HIGH,neutral_fact,US_b732d6870be7eac6fb,LITIGATION_ROLE_OR_PLEADING_LANGUAGE,"Neutral fact retains litigation-role/pleading vocabulary such as plaintiff/defendant, complaint/petition, filed suit, or 'parties to the case'.","Plaintiffs were water users and property owners in [LOCATION_A]. The defendants included [PERSON_A], the state government, [ORGANIZATION_B], the state health department, and former city emergency managers [PERSON_B] and [PERSON_C]. On April 16, 2013, [PERSON_A] authorized a contract to explore an alternative water-delivery system. Plaintiffs alleged that [PERSON_A] and various state officials knew that [LOCATION_B] would be an interim drinking-water source and knew of a 2011 study cautioning aga","Rewrite the same factual allegation using entity placeholders and epistemic status, without procedural-role labels.",RESOLVED,"{""action"": ""retained_and_reaudited_or_text_corrected"", ""case_id"": ""US_b732d6870be7eac6fb"", ""final_qc_pass"": true, ""neutral_fact_source_sha256"": ""0f4886d34e6c5d972147a8e2a6a5b129179aa96db95189b04ea35b6d0b9bc353"", ""source_opinion_sha256"": ""a796eec3644a5c3e8598b40d0e1ff141ef58b1c2b481414126c697e7f5e454b9""}"
53,HIGH,neutral_fact,US_d15af88bf67507bd93,LITIGATION_ROLE_OR_PLEADING_LANGUAGE,"Neutral fact retains litigation-role/pleading vocabulary such as plaintiff/defendant, complaint/petition, filed suit, or 'parties to the case'.",The plaintiffs alleged that [ORGANIZATION_A] was responsible for mine reclamation and that [COMPANY_A] was the independent contractor contracted to carry out reclamation of [PROPERTY_A]. The plaintiffs alleged that [ORGANIZATION_A] and [COMPANY_A] carried out improper reclamation activities. The plaintiffs alleged that they sustained injuries. The plaintiffs alleged that the improper reclamation activities of [ORGANIZATION_A] and [COMPANY_A] resulted in their injuries.,"Rewrite the same factual allegation using entity placeholders and epistemic status, without procedural-role labels.",RESOLVED,"{""action"": ""source_level_replacement"", ""new_case_id"": ""US_b267b8668935378e25"", ""new_final_qc_pass"": true, ""new_source_opinion_sha256"": ""a7e8dc813fe99b1a2775e9e4f0c56928820f06895f2492b2e3ce9cf273b4676f"", ""reason"": ""source-scope recheck: implied-indemnity defense costs after the underlying action""}"
54,HIGH,neutral_fact,US_3f0101285fcc76e2b1,LITIGATION_ROLE_OR_PLEADING_LANGUAGE,"Neutral fact retains litigation-role/pleading vocabulary such as plaintiff/defendant, complaint/petition, filed suit, or 'parties to the case'.",[PERSON_A] was allegedly exposed to defendants' respective [PRODUCT_A] while working as a machinist with [COMPANY_C] from 1947 until 1979. [PERSON_A] allegedly sustained pleural effusion and parenchymal scarring. [PERSON_A] allegedly sustained pleural effusion and parenchymal scarring as a result of the alleged exposure to [PRODUCT_A]. [COMPANY_A] is a business corporation and a manufacturer of beverage cans. [COMPANY_A] purchased a majority of the stock of [COMPANY_B] in November 1963. [COMPANY,"Rewrite the same factual allegation using entity placeholders and epistemic status, without procedural-role labels.",RESOLVED,"{""action"": ""retained_and_reaudited_or_text_corrected"", ""case_id"": ""US_3f0101285fcc76e2b1"", ""final_qc_pass"": true, ""neutral_fact_source_sha256"": ""93be17daeae3078ff6038e596848451d7d3f5467357f1dc248dbdd421d189e48"", ""source_opinion_sha256"": ""30871bbab63af580ea369af9aa4d1f9db1b205007d583a5ab8d10fff60d15b4e""}"
55,MEDIUM,source_case,US_231c5e7fb867d9b8c2,SCOPE_REVIEW_REQUIRED,Case may be within the broad 'civil liability and damages' umbrella but does not cleanly match the intended substantive-merits core.,"Central issue is contractual indemnity, duty to defend, and attorney-fee allocation in a construction contract.","Human-adjudicate against a written inclusion rule before freezing. If retained, tag the narrower subtype so 'other' does not hide composition differences.",RESOLVED,"{""action"": ""source_level_replacement"", ""new_case_id"": ""US_2999172a4de14d7523"", ""new_final_qc_pass"": true, ""new_source_opinion_sha256"": ""ef8700a3c584de5c026ec4fe0c037cdcca777978e9d4836503bf377e710e6cb1"", ""reason"": ""source-scope recheck: contractual indemnity and defense-cost allocation, not direct civil-liability merits""}"
56,MEDIUM,source_case,US_d15af88bf67507bd93,SCOPE_REVIEW_REQUIRED,Case may be within the broad 'civil liability and damages' umbrella but does not cleanly match the intended substantive-merits core.,Central appeal concerns implied indemnity/defense costs after an underlying civil action.,"Human-adjudicate against a written inclusion rule before freezing. If retained, tag the narrower subtype so 'other' does not hide composition differences.",RESOLVED,"{""action"": ""source_level_replacement"", ""new_case_id"": ""US_b267b8668935378e25"", ""new_final_qc_pass"": true, ""new_source_opinion_sha256"": ""a7e8dc813fe99b1a2775e9e4f0c56928820f06895f2492b2e3ce9cf273b4676f"", ""reason"": ""source-scope recheck: implied-indemnity defense costs after the underlying action""}"
57,MEDIUM,source_case,US_7f556627654c5d3f9a,SCOPE_REVIEW_REQUIRED,Case may be within the broad 'civil liability and damages' umbrella but does not cleanly match the intended substantive-merits core.,"Central issue concerns post-judgment Patient Compensation Fund advance custodial-care payments, not original malpractice liability.","Human-adjudicate against a written inclusion rule before freezing. If retained, tag the narrower subtype so 'other' does not hide composition differences.",RESOLVED,"{""action"": ""source_level_replacement"", ""new_case_id"": ""US_97456da392d82990a3"", ""new_final_qc_pass"": true, ""new_source_opinion_sha256"": ""39087d9159a7b042deea32f4f23407bd840f359203de4e1c7fe781c42121d357"", ""reason"": ""source-scope recheck: post-judgment compensation-fund payment procedure""}"
58,MEDIUM,source_case,US_04cf5031ab373b2ef6,SCOPE_REVIEW_REQUIRED,Case may be within the broad 'civil liability and damages' umbrella but does not cleanly match the intended substantive-merits core.,"High court reviews dismissal/pleading sufficiency across fraud, contract, negligence and related claims arising from mortgage fraud.","Human-adjudicate against a written inclusion rule before freezing. If retained, tag the narrower subtype so 'other' does not hide composition differences.",RESOLVED,"{""action"": ""source_level_replacement"", ""new_case_id"": ""US_107f5beb1553bc775c"", ""new_final_qc_pass"": true, ""new_source_opinion_sha256"": ""bff72e75318e0438cc179ef422739abeade42dd8df7375106e09c70b9aaac723"", ""reason"": ""source-scope recheck: multi-claim mortgage pleading appeal, not a clean substantive civil-liability merits case""}"
59,MEDIUM,source_case,KR_adf561060b125d6b87,SCOPE_REVIEW_REQUIRED,Case may be within the broad 'civil liability and damages' umbrella but does not cleanly match the intended substantive-merits core.,Supreme Court opinion focuses heavily on automobile insurance benefit standards and disability-grade/payment calculations.,"Human-adjudicate against a written inclusion rule before freezing. If retained, tag the narrower subtype so 'other' does not hide composition differences.",RESOLVED,"{""action"": ""source_level_replacement"", ""new_case_id"": ""KR_e61f8571b55fd48e4c"", ""new_final_qc_pass"": true, ""new_source_opinion_sha256"": ""dfb15f7a7d50c08b1a8556b7ea8c1bc2d5bab9500a3da5d4d0739da0c4b1167f"", ""reason"": ""HARD legal-rule leakage and controlling source omitted the accident conduct needed for a sufficient neutral fact""}"
60,MEDIUM,source_case,KR_882ce243b36c889fda,SCOPE_REVIEW_REQUIRED,Case may be within the broad 'civil liability and damages' umbrella but does not cleanly match the intended substantive-merits core.,Case title and primary Supreme Court issue concern special-hiring obligations under a collective agreement; tort damages are an additional claim.,"Human-adjudicate against a written inclusion rule before freezing. If retained, tag the narrower subtype so 'other' does not hide composition differences.",RESOLVED,"{""action"": ""source_level_replacement"", ""new_case_id"": ""KR_1346b7ea49f678b93c"", ""new_final_qc_pass"": true, ""new_source_opinion_sha256"": ""0e202c2d265e80d7ce1bd3251ad26d8531cbf340fd47306d9a834680fcb81671"", ""reason"": ""source-scope recheck: controlling opinion centered on a special-hiring clause rather than the civil-liability merits""}"
