surface_id,concept_id,category,concept_family,jurisdiction_scope,orientation_layer,language,surface_form,match_type,provenance,ambiguity,primary_include,orientation_include,source_id,source_locator,source_url,status,note,version
S0001,KR_TORT_CIVIL_ACT,doctrine,TORT_LIABILITY,KR,KR_specific,ko,민법상 불법행위,literal,source_exact,low,1,1,KR_CIVIL_ACT,Art. 750,https://elaw.klri.re.kr/eng_service/lawViewContent.do?hseq=61788,needs_dev_validation,,0.1.1
S0002,KR_TORT_CIVIL_ACT,doctrine,TORT_LIABILITY,KR,KR_specific,en,tort liability under the Civil Act,literal,researcher_translation_candidate,low,0,0,KR_CIVIL_ACT,Art. 750,https://elaw.klri.re.kr/eng_service/lawViewContent.do?hseq=61788,needs_dev_validation,Researcher translation candidates are not claims of doctrinal equivalence. Inactive until development-set validation.,0.1.1
S0003,KR_UNLAWFUL_ACT,doctrine,UNLAWFUL_CONDUCT,KR,shared,ko,위법한 행위,literal,source_exact,low,1,0,KR_CIVIL_ACT,Art. 750,https://elaw.klri.re.kr/eng_service/lawViewContent.do?hseq=61788,needs_dev_validation,,0.1.1
S0004,KR_UNLAWFUL_ACT,doctrine,UNLAWFUL_CONDUCT,KR,shared,ko,위법행위,literal,source_variant,low,1,0,KR_CIVIL_ACT,Art. 750,https://elaw.klri.re.kr/eng_service/lawViewContent.do?hseq=61788,needs_dev_validation,,0.1.1
S0005,KR_UNLAWFUL_ACT,doctrine,UNLAWFUL_CONDUCT,KR,shared,en,unlawful act,literal,official_translation,low,1,0,KR_CIVIL_ACT,Art. 750,https://elaw.klri.re.kr/eng_service/lawViewContent.do?hseq=61788,needs_dev_validation,Researcher translation candidates are not claims of doctrinal equivalence.,0.1.1
S0006,KR_INTENT_OR_NEGLIGENCE,doctrine,FAULT_BASIS,KR,shared,ko,고의 또는 과실,literal,source_exact,low,1,0,KR_CIVIL_ACT,Art. 750,https://elaw.klri.re.kr/eng_service/lawViewContent.do?hseq=61788,needs_dev_validation,,0.1.1
S0007,KR_INTENT_OR_NEGLIGENCE,doctrine,FAULT_BASIS,KR,shared,en,intentionally or negligently,literal,official_translation,low,1,0,KR_CIVIL_ACT,Art. 750,https://elaw.klri.re.kr/eng_service/lawViewContent.do?hseq=61788,needs_dev_validation,Researcher translation candidates are not claims of doctrinal equivalence.,0.1.1
S0008,KR_INTENT_OR_NEGLIGENCE,doctrine,FAULT_BASIS,KR,shared,en,wilfully or negligently,literal,official_translation_variant,low,1,0,KR_CIVIL_ACT,Art. 750,https://elaw.klri.re.kr/eng_service/lawViewContent.do?hseq=61788,needs_dev_validation,Researcher translation candidates are not claims of doctrinal equivalence.,0.1.1
S0009,KR_SUPERVISOR_LIABILITY,doctrine,SUPERVISORY_LIABILITY,KR,KR_specific,ko,감독자책임,literal,source_variant,low,1,0,KR_CIVIL_ACT,Art. 755,https://elaw.klri.re.kr/eng_service/lawViewContent.do?hseq=61788,needs_dev_validation,,0.1.1
S0010,KR_SUPERVISOR_LIABILITY,doctrine,SUPERVISORY_LIABILITY,KR,KR_specific,ko,감독의무,literal,source_variant,low,1,0,KR_CIVIL_ACT,Art. 755,https://elaw.klri.re.kr/eng_service/lawViewContent.do?hseq=61788,needs_dev_validation,,0.1.1
S0011,KR_SUPERVISOR_LIABILITY,doctrine,SUPERVISORY_LIABILITY,KR,KR_specific,en,supervisor's liability,literal,official_translation,low,1,0,KR_CIVIL_ACT,Art. 755,https://elaw.klri.re.kr/eng_service/lawViewContent.do?hseq=61788,needs_dev_validation,Researcher translation candidates are not claims of doctrinal equivalence.,0.1.1
S0012,KR_SUPERVISOR_LIABILITY,doctrine,SUPERVISORY_LIABILITY,KR,KR_specific,en,legal duty to supervise,literal,official_translation,low,1,0,KR_CIVIL_ACT,Art. 755,https://elaw.klri.re.kr/eng_service/lawViewContent.do?hseq=61788,needs_dev_validation,Researcher translation candidates are not claims of doctrinal equivalence.,0.1.1
S0013,KR_EMPLOYER_LIABILITY,doctrine,VICARIOUS_EMPLOYER_LIABILITY,KR,KR_specific,ko,사용자의 배상책임,literal,source_exact,low,1,0,KR_CIVIL_ACT,Art. 756,https://elaw.klri.re.kr/eng_service/lawViewContent.do?hseq=61788,needs_dev_validation,,0.1.1
S0014,KR_EMPLOYER_LIABILITY,doctrine,VICARIOUS_EMPLOYER_LIABILITY,KR,KR_specific,ko,사용자책임,literal,source_variant,low,1,0,KR_CIVIL_ACT,Art. 756,https://elaw.klri.re.kr/eng_service/lawViewContent.do?hseq=61788,needs_dev_validation,,0.1.1
S0015,KR_EMPLOYER_LIABILITY,doctrine,VICARIOUS_EMPLOYER_LIABILITY,KR,KR_specific,en,employer's liability for compensation,literal,official_translation,low,1,0,KR_CIVIL_ACT,Art. 756,https://elaw.klri.re.kr/eng_service/lawViewContent.do?hseq=61788,needs_dev_validation,Researcher translation candidates are not claims of doctrinal equivalence.,0.1.1
S0016,KR_EMPLOYER_LIABILITY,doctrine,VICARIOUS_EMPLOYER_LIABILITY,KR,KR_specific,en,employer's liability for damages,literal,official_translation_variant,low,1,0,KR_CIVIL_ACT,Art. 756,https://elaw.klri.re.kr/eng_service/lawViewContent.do?hseq=61788,needs_dev_validation,Researcher translation candidates are not claims of doctrinal equivalence.,0.1.1
S0017,KR_JOINT_TORT,doctrine,MULTIPLE_TORTFEASORS,KR,KR_specific,ko,공동불법행위,literal,source_exact,low,1,1,KR_CIVIL_ACT,Art. 760,https://elaw.klri.re.kr/eng_service/lawViewContent.do?hseq=61788,needs_dev_validation,,0.1.1
S0018,KR_JOINT_TORT,doctrine,MULTIPLE_TORTFEASORS,KR,KR_specific,en,joint torts,literal,official_translation_candidate,low,0,0,KR_CIVIL_ACT,Art. 760,https://elaw.klri.re.kr/eng_service/lawViewContent.do?hseq=61788,needs_dev_validation,Researcher translation candidates are not claims of doctrinal equivalence. Inactive until development-set validation.,0.1.1
S0019,KR_RIGHT_OF_REIMBURSEMENT,doctrine,RECOURSE,KR,KR_specific,ko,구상권,literal,source_exact,low,1,0,KR_CIVIL_ACT,Art. 756(3),https://elaw.klri.re.kr/eng_service/lawViewContent.do?hseq=61788,needs_dev_validation,,0.1.1
S0020,KR_RIGHT_OF_REIMBURSEMENT,doctrine,RECOURSE,KR,KR_specific,en,right to obtain reimbursement,literal,official_translation,low,1,0,KR_CIVIL_ACT,Art. 756(3),https://elaw.klri.re.kr/eng_service/lawViewContent.do?hseq=61788,needs_dev_validation,Researcher translation candidates are not claims of doctrinal equivalence.,0.1.1
S0021,KR_RIGHT_OF_REIMBURSEMENT,doctrine,RECOURSE,KR,KR_specific,en,right of reimbursement,literal,source_variant,low,1,0,KR_CIVIL_ACT,Art. 756(3),https://elaw.klri.re.kr/eng_service/lawViewContent.do?hseq=61788,needs_dev_validation,,0.1.1
S0022,KR_ADEQUATE_CAUSATION,doctrine,LEGAL_CAUSATION,KR,KR_specific,ko,상당인과관계,literal,source_exact,low,1,1,KR_SC_CAUSATION_2015,2015Da210194,https://www.scourt.go.kr/supreme/news/NewsViewAction2.work?gubun=4&searchOption=&searchWord=&seqnum=5072,needs_dev_validation,,0.1.1
S0023,KR_ADEQUATE_CAUSATION,doctrine,LEGAL_CAUSATION,KR,KR_specific,en,adequate causal relationship,literal,researcher_translation_candidate,low,0,0,KR_SC_CAUSATION_2015,2015Da210194,https://www.scourt.go.kr/supreme/news/NewsViewAction2.work?gubun=4&searchOption=&searchWord=&seqnum=5072,needs_dev_validation,Researcher translation candidates are not claims of doctrinal equivalence. Inactive until development-set validation.,0.1.1
S0024,KR_ADEQUATE_CAUSATION,doctrine,LEGAL_CAUSATION,KR,KR_specific,en,adequate causation,literal,researcher_translation_candidate,low,0,0,KR_SC_CAUSATION_2015,2015Da210194,https://www.scourt.go.kr/supreme/news/NewsViewAction2.work?gubun=4&searchOption=&searchWord=&seqnum=5072,needs_dev_validation,Researcher translation candidates are not claims of doctrinal equivalence. Inactive until development-set validation.,0.1.1
S0025,KR_CONTRIBUTORY_FAULT_SET_OFF,doctrine,FAULT_APPORTIONMENT,KR,KR_specific,ko,과실상계,literal,source_exact,low,1,1,KR_SC_FAULT_2022,case summary,https://www.scourt.go.kr/supreme/news/NewsViewAction2.work?gubun=4&searchOption=&searchWord=&seqnum=8662,needs_dev_validation,,0.1.1
S0026,KR_CONTRIBUTORY_FAULT_SET_OFF,doctrine,FAULT_APPORTIONMENT,KR,KR_specific,en,set-off of negligence,literal,researcher_translation_candidate,low,0,0,KR_SC_FAULT_2022,case summary,https://www.scourt.go.kr/supreme/news/NewsViewAction2.work?gubun=4&searchOption=&searchWord=&seqnum=8662,needs_dev_validation,Researcher translation candidates are not claims of doctrinal equivalence. Inactive until development-set validation.,0.1.1
S0027,KR_CONTRIBUTORY_FAULT_SET_OFF,doctrine,FAULT_APPORTIONMENT,KR,KR_specific,en,comparative fault set-off,literal,researcher_translation_candidate,low,0,0,KR_SC_FAULT_2022,case summary,https://www.scourt.go.kr/supreme/news/NewsViewAction2.work?gubun=4&searchOption=&searchWord=&seqnum=8662,needs_dev_validation,Researcher translation candidates are not claims of doctrinal equivalence. Inactive until development-set validation.,0.1.1
S0028,KR_LIABILITY_LIMITATION,doctrine,EQUITABLE_LIABILITY_LIMITATION,KR,KR_specific,ko,책임제한,literal,source_exact,low,1,0,KR_SC_FAULT_2022,case summary,https://www.scourt.go.kr/supreme/news/NewsViewAction2.work?gubun=4&searchOption=&searchWord=&seqnum=8662,needs_dev_validation,,0.1.1
S0029,KR_LIABILITY_LIMITATION,doctrine,EQUITABLE_LIABILITY_LIMITATION,KR,KR_specific,ko,손해배상책임을 제한,literal,source_variant,low,1,0,KR_SC_FAULT_2022,case summary,https://www.scourt.go.kr/supreme/news/NewsViewAction2.work?gubun=4&searchOption=&searchWord=&seqnum=8662,needs_dev_validation,,0.1.1
S0030,KR_LIABILITY_LIMITATION,doctrine,EQUITABLE_LIABILITY_LIMITATION,KR,KR_specific,en,limitation of liability,literal,researcher_translation_candidate,low,0,0,KR_SC_FAULT_2022,case summary,https://www.scourt.go.kr/supreme/news/NewsViewAction2.work?gubun=4&searchOption=&searchWord=&seqnum=8662,needs_dev_validation,Researcher translation candidates are not claims of doctrinal equivalence. Inactive until development-set validation.,0.1.1
S0031,KR_PRODUCT_LIABILITY,doctrine,PRODUCT_LIABILITY,KR,KR_specific,ko,제조물책임,literal,source_exact,low,1,0,KR_PRODUCT_LIABILITY_ACT,Art. 3,https://elaw.klri.re.kr/kor_service/lawViewMultiContent.do?hseq=43265,needs_dev_validation,,0.1.1
S0032,KR_PRODUCT_LIABILITY,doctrine,PRODUCT_LIABILITY,KR,KR_specific,ko,제조물 책임,literal,source_variant,low,1,0,KR_PRODUCT_LIABILITY_ACT,Art. 3,https://elaw.klri.re.kr/kor_service/lawViewMultiContent.do?hseq=43265,needs_dev_validation,,0.1.1
S0033,KR_PRODUCT_LIABILITY,doctrine,PRODUCT_LIABILITY,KR,KR_specific,en,product liability,literal,official_translation,low,1,0,KR_PRODUCT_LIABILITY_ACT,Art. 3,https://elaw.klri.re.kr/kor_service/lawViewMultiContent.do?hseq=43265,needs_dev_validation,Researcher translation candidates are not claims of doctrinal equivalence.,0.1.1
S0034,KR_MANUFACTURING_DEFECT,doctrine,MANUFACTURING_DEFECT,KR,KR_specific,ko,제조상의 결함,literal,source_exact,low,1,0,KR_PRODUCT_LIABILITY_ACT,Art. 2(2)(a),https://elaw.klri.re.kr/kor_service/lawViewMultiContent.do?hseq=43265,needs_dev_validation,,0.1.1
S0035,KR_MANUFACTURING_DEFECT,doctrine,MANUFACTURING_DEFECT,KR,KR_specific,en,defect in manufacturing,literal,official_translation,low,1,0,KR_PRODUCT_LIABILITY_ACT,Art. 2(2)(a),https://elaw.klri.re.kr/kor_service/lawViewMultiContent.do?hseq=43265,needs_dev_validation,Researcher translation candidates are not claims of doctrinal equivalence.,0.1.1
S0036,KR_DESIGN_DEFECT,doctrine,DESIGN_DEFECT,KR,KR_specific,ko,설계상의 결함,literal,source_exact,low,1,0,KR_PRODUCT_LIABILITY_ACT,Art. 2(2)(b),https://elaw.klri.re.kr/kor_service/lawViewMultiContent.do?hseq=43265,needs_dev_validation,,0.1.1
S0037,KR_DESIGN_DEFECT,doctrine,DESIGN_DEFECT,KR,KR_specific,en,defect in design,literal,official_translation,low,1,0,KR_PRODUCT_LIABILITY_ACT,Art. 2(2)(b),https://elaw.klri.re.kr/kor_service/lawViewMultiContent.do?hseq=43265,needs_dev_validation,Researcher translation candidates are not claims of doctrinal equivalence.,0.1.1
S0038,KR_INDICATION_DEFECT,doctrine,WARNING_OR_INSTRUCTION_DEFECT,KR,KR_specific,ko,표시상의 결함,literal,source_exact,low,1,0,KR_PRODUCT_LIABILITY_ACT,Art. 2(2)(c),https://elaw.klri.re.kr/kor_service/lawViewMultiContent.do?hseq=43265,needs_dev_validation,,0.1.1
S0039,KR_INDICATION_DEFECT,doctrine,WARNING_OR_INSTRUCTION_DEFECT,KR,KR_specific,en,defect in indication,literal,official_translation,low,1,0,KR_PRODUCT_LIABILITY_ACT,Art. 2(2)(c),https://elaw.klri.re.kr/kor_service/lawViewMultiContent.do?hseq=43265,needs_dev_validation,Researcher translation candidates are not claims of doctrinal equivalence.,0.1.1
S0040,KR_REASONABLE_ALTERNATIVE_DESIGN,doctrine,ALTERNATIVE_DESIGN,KR,KR_specific,ko,합리적인 대체설계,literal,source_exact,low,1,0,KR_PRODUCT_LIABILITY_ACT,Art. 2(2)(b),https://elaw.klri.re.kr/kor_service/lawViewMultiContent.do?hseq=43265,needs_dev_validation,,0.1.1
S0041,KR_REASONABLE_ALTERNATIVE_DESIGN,doctrine,ALTERNATIVE_DESIGN,KR,KR_specific,en,reasonable alternative design,literal,official_translation,low,1,0,KR_PRODUCT_LIABILITY_ACT,Art. 2(2)(b),https://elaw.klri.re.kr/kor_service/lawViewMultiContent.do?hseq=43265,needs_dev_validation,Researcher translation candidates are not claims of doctrinal equivalence.,0.1.1
S0042,KR_EXPECTED_PRODUCT_SAFETY,doctrine,PRODUCT_SAFETY_EXPECTATION,KR,KR_specific,ko,통상적으로 기대할 수 있는 안전성,literal,source_exact,low,1,0,KR_PRODUCT_LIABILITY_ACT,Art. 2(2),https://elaw.klri.re.kr/kor_service/lawViewMultiContent.do?hseq=43265,needs_dev_validation,,0.1.1
S0043,KR_EXPECTED_PRODUCT_SAFETY,doctrine,PRODUCT_SAFETY_EXPECTATION,KR,KR_specific,en,safety ordinarily expected of a product,literal,official_translation,low,1,0,KR_PRODUCT_LIABILITY_ACT,Art. 2(2),https://elaw.klri.re.kr/kor_service/lawViewMultiContent.do?hseq=43265,needs_dev_validation,Researcher translation candidates are not claims of doctrinal equivalence.,0.1.1
S0044,US_NEGLIGENCE,doctrine,NEGLIGENCE,US_GENERIC,US_generic,en,negligence,literal,source_exact,low,1,0,US_WEX_NEGLIGENCE,entry,https://www.law.cornell.edu/wex/negligence,needs_dev_validation,,0.1.1
S0045,US_NEGLIGENCE,doctrine,NEGLIGENCE,US_GENERIC,US_generic,ko,과실책임,literal,researcher_translation_candidate,low,0,0,US_WEX_NEGLIGENCE,entry,https://www.law.cornell.edu/wex/negligence,needs_dev_validation,Researcher translation candidates are not claims of doctrinal equivalence. Inactive until development-set validation.,0.1.1
S0046,US_DUTY_OF_CARE,doctrine,DUTY,US_GENERIC,US_generic,en,duty of care,literal,source_exact,low,1,0,US_WEX_NEGLIGENCE,Legal Duty of Care,https://www.law.cornell.edu/wex/negligence,needs_dev_validation,,0.1.1
S0047,US_DUTY_OF_CARE,doctrine,DUTY,US_GENERIC,US_generic,ko,주의의무,literal,researcher_translation_candidate,low,0,0,US_WEX_NEGLIGENCE,Legal Duty of Care,https://www.law.cornell.edu/wex/negligence,needs_dev_validation,Researcher translation candidates are not claims of doctrinal equivalence. Inactive until development-set validation.,0.1.1
S0048,US_BREACH_OF_DUTY,doctrine,BREACH,US_GENERIC,US_generic,en,breach of duty,literal,source_exact,low,1,0,US_WEX_NEGLIGENCE,Breach of Duty of Care,https://www.law.cornell.edu/wex/negligence,needs_dev_validation,,0.1.1
S0049,US_BREACH_OF_DUTY,doctrine,BREACH,US_GENERIC,US_generic,ko,주의의무 위반,literal,researcher_translation_candidate,low,0,0,US_WEX_NEGLIGENCE,Breach of Duty of Care,https://www.law.cornell.edu/wex/negligence,needs_dev_validation,Researcher translation candidates are not claims of doctrinal equivalence. Inactive until development-set validation.,0.1.1
S0050,US_REASONABLE_PERSON,doctrine,STANDARD_OF_CARE,US_GENERIC,US_generic,en,reasonable person,literal,source_exact,low,1,0,US_WEX_NEGLIGENCE,Legal Duty of Care,https://www.law.cornell.edu/wex/negligence,needs_dev_validation,,0.1.1
S0051,US_REASONABLE_PERSON,doctrine,STANDARD_OF_CARE,US_GENERIC,US_generic,ko,합리적 사람,literal,researcher_translation_candidate,low,0,0,US_WEX_NEGLIGENCE,Legal Duty of Care,https://www.law.cornell.edu/wex/negligence,needs_dev_validation,Researcher translation candidates are not claims of doctrinal equivalence. Inactive until development-set validation.,0.1.1
S0052,US_REASONABLE_CARE,doctrine,STANDARD_OF_CARE,US_GENERIC,US_generic,en,reasonable care,literal,source_exact,low,1,0,US_WEX_NEGLIGENCE,entry,https://www.law.cornell.edu/wex/negligence,needs_dev_validation,,0.1.1
S0053,US_REASONABLE_CARE,doctrine,STANDARD_OF_CARE,US_GENERIC,US_generic,ko,합리적인 주의,literal,researcher_translation_candidate,low,0,0,US_WEX_NEGLIGENCE,entry,https://www.law.cornell.edu/wex/negligence,needs_dev_validation,Researcher translation candidates are not claims of doctrinal equivalence. Inactive until development-set validation.,0.1.1
S0054,US_FORESEEABILITY,doctrine,FORESEEABILITY,US_GENERIC,US_generic,en,foreseeability,literal,source_exact,low,1,0,US_WEX_NEGLIGENCE,entry,https://www.law.cornell.edu/wex/negligence,needs_dev_validation,,0.1.1
S0055,US_FORESEEABILITY,doctrine,FORESEEABILITY,US_GENERIC,US_generic,en,foreseeable,literal,source_exact,low,1,0,US_WEX_NEGLIGENCE,entry,https://www.law.cornell.edu/wex/negligence,needs_dev_validation,,0.1.1
S0056,US_FORESEEABILITY,doctrine,FORESEEABILITY,US_GENERIC,US_generic,ko,예견가능성,literal,researcher_translation_candidate,low,0,0,US_WEX_NEGLIGENCE,entry,https://www.law.cornell.edu/wex/negligence,needs_dev_validation,Researcher translation candidates are not claims of doctrinal equivalence. Inactive until development-set validation.,0.1.1
S0057,US_PROXIMATE_CAUSE,doctrine,LEGAL_CAUSATION,US_GENERIC,US_generic,en,proximate cause,literal,source_exact,low,1,1,US_WEX_PROXIMATE_CAUSE,entry,https://www.law.cornell.edu/wex/proximate_cause,needs_dev_validation,,0.1.1
S0058,US_PROXIMATE_CAUSE,doctrine,LEGAL_CAUSATION,US_GENERIC,US_generic,en,proximate causation,literal,source_variant,low,1,1,US_WEX_PROXIMATE_CAUSE,entry,https://www.law.cornell.edu/wex/proximate_cause,needs_dev_validation,,0.1.1
S0059,US_PROXIMATE_CAUSE,doctrine,LEGAL_CAUSATION,US_GENERIC,US_generic,ko,근접원인,literal,researcher_translation_candidate,low,0,0,US_WEX_PROXIMATE_CAUSE,entry,https://www.law.cornell.edu/wex/proximate_cause,needs_dev_validation,Researcher translation candidates are not claims of doctrinal equivalence. Inactive until development-set validation.,0.1.1
S0060,US_PROXIMATE_CAUSE,doctrine,LEGAL_CAUSATION,US_GENERIC,US_generic,ko,근인,literal,researcher_translation_candidate,low,0,0,US_WEX_PROXIMATE_CAUSE,entry,https://www.law.cornell.edu/wex/proximate_cause,needs_dev_validation,Researcher translation candidates are not claims of doctrinal equivalence. Inactive until development-set validation.,0.1.1
S0061,US_PROXIMATE_CAUSE,doctrine,LEGAL_CAUSATION,US_GENERIC,US_generic,ko,법적 인과관계,literal,researcher_translation_candidate,low,0,0,US_WEX_PROXIMATE_CAUSE,entry,https://www.law.cornell.edu/wex/proximate_cause,needs_dev_validation,Researcher translation candidates are not claims of doctrinal equivalence. Inactive until development-set validation.,0.1.1
S0062,US_CAUSE_IN_FACT,doctrine,FACTUAL_CAUSATION,US_GENERIC,US_generic,en,cause in fact,literal,source_exact,low,1,1,US_WEX_NEGLIGENCE,Cause-In-Fact,https://www.law.cornell.edu/wex/negligence,needs_dev_validation,,0.1.1
S0063,US_CAUSE_IN_FACT,doctrine,FACTUAL_CAUSATION,US_GENERIC,US_generic,en,cause-in-fact,literal,source_exact,low,1,1,US_WEX_NEGLIGENCE,Cause-In-Fact,https://www.law.cornell.edu/wex/negligence,needs_dev_validation,,0.1.1
S0064,US_CAUSE_IN_FACT,doctrine,FACTUAL_CAUSATION,US_GENERIC,US_generic,ko,사실적 인과관계,literal,researcher_translation_candidate,low,0,0,US_WEX_NEGLIGENCE,Cause-In-Fact,https://www.law.cornell.edu/wex/negligence,needs_dev_validation,Researcher translation candidates are not claims of doctrinal equivalence. Inactive until development-set validation.,0.1.1
S0065,US_BUT_FOR_CAUSATION,doctrine,FACTUAL_CAUSATION,US_GENERIC,US_generic,en,but-for causation,literal,source_variant,low,1,0,US_WEX_NEGLIGENCE,Cause-In-Fact,https://www.law.cornell.edu/wex/negligence,needs_dev_validation,,0.1.1
S0066,US_BUT_FOR_CAUSATION,doctrine,FACTUAL_CAUSATION,US_GENERIC,US_generic,en,but for causation,literal,source_variant,low,1,0,US_WEX_NEGLIGENCE,Cause-In-Fact,https://www.law.cornell.edu/wex/negligence,needs_dev_validation,,0.1.1
S0067,US_BUT_FOR_CAUSATION,doctrine,FACTUAL_CAUSATION,US_GENERIC,US_generic,en,but-for test,literal,source_variant,low,1,0,US_WEX_NEGLIGENCE,Cause-In-Fact,https://www.law.cornell.edu/wex/negligence,needs_dev_validation,,0.1.1
S0068,US_BUT_FOR_CAUSATION,doctrine,FACTUAL_CAUSATION,US_GENERIC,US_generic,ko,but-for 인과관계,literal,researcher_translation_candidate,low,0,0,US_WEX_NEGLIGENCE,Cause-In-Fact,https://www.law.cornell.edu/wex/negligence,needs_dev_validation,Researcher translation candidates are not claims of doctrinal equivalence. Inactive until development-set validation.,0.1.1
S0069,US_SUBSTANTIAL_FACTOR,doctrine,LEGAL_CAUSATION,US_GENERIC,US_generic,en,substantial factor test,literal,source_exact,low,1,0,US_WEX_PROXIMATE_CAUSE,entry,https://www.law.cornell.edu/wex/proximate_cause,needs_dev_validation,,0.1.1
S0070,US_SUBSTANTIAL_FACTOR,doctrine,LEGAL_CAUSATION,US_GENERIC,US_generic,en,substantial factor,literal,source_exact,low,1,0,US_WEX_PROXIMATE_CAUSE,entry,https://www.law.cornell.edu/wex/proximate_cause,needs_dev_validation,,0.1.1
S0071,US_SUBSTANTIAL_FACTOR,doctrine,LEGAL_CAUSATION,US_GENERIC,US_generic,ko,실질적 요인,literal,researcher_translation_candidate,low,0,0,US_WEX_PROXIMATE_CAUSE,entry,https://www.law.cornell.edu/wex/proximate_cause,needs_dev_validation,Researcher translation candidates are not claims of doctrinal equivalence. Inactive until development-set validation.,0.1.1
S0072,US_SUPERSEDING_CAUSE,doctrine,INTERVENING_CAUSATION,US_GENERIC,US_generic,en,superseding cause,literal,source_exact,low,1,1,US_WEX_PROXIMATE_CAUSE,entry,https://www.law.cornell.edu/wex/proximate_cause,needs_dev_validation,,0.1.1
S0073,US_SUPERSEDING_CAUSE,doctrine,INTERVENING_CAUSATION,US_GENERIC,US_generic,ko,초월적 개입원인,literal,researcher_translation_candidate,low,0,0,US_WEX_PROXIMATE_CAUSE,entry,https://www.law.cornell.edu/wex/proximate_cause,needs_dev_validation,Researcher translation candidates are not claims of doctrinal equivalence. Inactive until development-set validation.,0.1.1
S0074,US_INTERVENING_CAUSE,doctrine,INTERVENING_CAUSATION,US_GENERIC,US_generic,en,intervening cause,literal,source_variant,low,1,1,US_WEX_NEGLIGENCE,Proximate Cause,https://www.law.cornell.edu/wex/negligence,needs_dev_validation,,0.1.1
S0075,US_INTERVENING_CAUSE,doctrine,INTERVENING_CAUSATION,US_GENERIC,US_generic,en,intervening factor,literal,source_exact,low,1,1,US_WEX_NEGLIGENCE,Proximate Cause,https://www.law.cornell.edu/wex/negligence,needs_dev_validation,,0.1.1
S0076,US_INTERVENING_CAUSE,doctrine,INTERVENING_CAUSATION,US_GENERIC,US_generic,ko,개입원인,literal,researcher_translation_candidate,low,0,0,US_WEX_NEGLIGENCE,Proximate Cause,https://www.law.cornell.edu/wex/negligence,needs_dev_validation,Researcher translation candidates are not claims of doctrinal equivalence. Inactive until development-set validation.,0.1.1
S0077,US_NEGLIGENCE_PER_SE,doctrine,STATUTORY_BREACH,US_GENERIC,US_generic,en,negligence per se,literal,source_exact,low,1,1,US_WEX_NEG_PER_SE,entry,https://www.law.cornell.edu/wex/negligence_per_se,needs_dev_validation,,0.1.1
S0078,US_NEGLIGENCE_PER_SE,doctrine,STATUTORY_BREACH,US_GENERIC,US_generic,ko,법규위반에 의한 과실,literal,researcher_translation_candidate,low,0,0,US_WEX_NEG_PER_SE,entry,https://www.law.cornell.edu/wex/negligence_per_se,needs_dev_validation,Researcher translation candidates are not claims of doctrinal equivalence. Inactive until development-set validation.,0.1.1
S0079,US_COMPARATIVE_NEGLIGENCE,doctrine,FAULT_APPORTIONMENT,US_GENERIC,US_generic,en,comparative negligence,literal,source_exact,low,1,1,US_WEX_COMPARATIVE,entry,https://www.law.cornell.edu/wex/comparative_negligence,needs_dev_validation,,0.1.1
S0080,US_COMPARATIVE_NEGLIGENCE,doctrine,FAULT_APPORTIONMENT,US_GENERIC,US_generic,en,comparative fault,literal,source_variant,low,1,1,US_WEX_COMPARATIVE,entry,https://www.law.cornell.edu/wex/comparative_negligence,needs_dev_validation,,0.1.1
S0081,US_COMPARATIVE_NEGLIGENCE,doctrine,FAULT_APPORTIONMENT,US_GENERIC,US_generic,ko,비교과실,literal,researcher_translation_candidate,low,0,0,US_WEX_COMPARATIVE,entry,https://www.law.cornell.edu/wex/comparative_negligence,needs_dev_validation,Researcher translation candidates are not claims of doctrinal equivalence. Inactive until development-set validation.,0.1.1
S0082,US_PURE_COMPARATIVE_NEGLIGENCE,doctrine,FAULT_APPORTIONMENT,US_GENERIC,US_generic,en,pure comparative negligence,literal,source_exact,low,1,1,US_WEX_COMPARATIVE,Pure Comparative Negligence,https://www.law.cornell.edu/wex/comparative_negligence,needs_dev_validation,,0.1.1
S0083,US_PURE_COMPARATIVE_NEGLIGENCE,doctrine,FAULT_APPORTIONMENT,US_GENERIC,US_generic,en,pure comparative fault,literal,source_variant,low,1,1,US_WEX_COMPARATIVE,Pure Comparative Negligence,https://www.law.cornell.edu/wex/comparative_negligence,needs_dev_validation,,0.1.1
S0084,US_PURE_COMPARATIVE_NEGLIGENCE,doctrine,FAULT_APPORTIONMENT,US_GENERIC,US_generic,ko,순수 비교과실,literal,researcher_translation_candidate,low,0,0,US_WEX_COMPARATIVE,Pure Comparative Negligence,https://www.law.cornell.edu/wex/comparative_negligence,needs_dev_validation,Researcher translation candidates are not claims of doctrinal equivalence. Inactive until development-set validation.,0.1.1
S0085,US_MODIFIED_COMPARATIVE_NEGLIGENCE,doctrine,FAULT_APPORTIONMENT,US_GENERIC,US_generic,en,modified comparative negligence,literal,source_exact,low,1,1,US_WEX_COMPARATIVE,Modified Comparative Negligence,https://www.law.cornell.edu/wex/comparative_negligence,needs_dev_validation,,0.1.1
S0086,US_MODIFIED_COMPARATIVE_NEGLIGENCE,doctrine,FAULT_APPORTIONMENT,US_GENERIC,US_generic,en,modified comparative fault,literal,source_variant,low,1,1,US_WEX_COMPARATIVE,Modified Comparative Negligence,https://www.law.cornell.edu/wex/comparative_negligence,needs_dev_validation,,0.1.1
S0087,US_MODIFIED_COMPARATIVE_NEGLIGENCE,doctrine,FAULT_APPORTIONMENT,US_GENERIC,US_generic,ko,수정 비교과실,literal,researcher_translation_candidate,low,0,0,US_WEX_COMPARATIVE,Modified Comparative Negligence,https://www.law.cornell.edu/wex/comparative_negligence,needs_dev_validation,Researcher translation candidates are not claims of doctrinal equivalence. Inactive until development-set validation.,0.1.1
S0088,US_CONTRIBUTORY_NEGLIGENCE,doctrine,FAULT_APPORTIONMENT,US_GENERIC,US_generic,en,contributory negligence,literal,source_exact,low,1,1,US_WEX_COMPARATIVE,Contributory Negligence,https://www.law.cornell.edu/wex/comparative_negligence,needs_dev_validation,,0.1.1
S0089,US_CONTRIBUTORY_NEGLIGENCE,doctrine,FAULT_APPORTIONMENT,US_GENERIC,US_generic,ko,기여과실,literal,researcher_translation_candidate,low,0,0,US_WEX_COMPARATIVE,Contributory Negligence,https://www.law.cornell.edu/wex/comparative_negligence,needs_dev_validation,Researcher translation candidates are not claims of doctrinal equivalence. Inactive until development-set validation.,0.1.1
S0090,US_VICARIOUS_LIABILITY,doctrine,VICARIOUS_EMPLOYER_LIABILITY,US_GENERIC,US_generic,en,vicarious liability,literal,source_exact,low,1,0,US_WEX_VICARIOUS,entry,https://www.law.cornell.edu/wex/vicarious_liability,needs_dev_validation,,0.1.1
S0091,US_VICARIOUS_LIABILITY,doctrine,VICARIOUS_EMPLOYER_LIABILITY,US_GENERIC,US_generic,en,imputed liability,literal,source_exact,low,1,0,US_WEX_VICARIOUS,entry,https://www.law.cornell.edu/wex/vicarious_liability,needs_dev_validation,,0.1.1
S0092,US_VICARIOUS_LIABILITY,doctrine,VICARIOUS_EMPLOYER_LIABILITY,US_GENERIC,US_generic,ko,대위책임,literal,researcher_translation_candidate,low,0,0,US_WEX_VICARIOUS,entry,https://www.law.cornell.edu/wex/vicarious_liability,needs_dev_validation,Researcher translation candidates are not claims of doctrinal equivalence. Inactive until development-set validation.,0.1.1
S0093,US_RESPONDEAT_SUPERIOR,doctrine,VICARIOUS_EMPLOYER_LIABILITY,US_GENERIC,US_generic,en,respondeat superior,literal,source_exact,low,1,1,US_WEX_VICARIOUS,entry,https://www.law.cornell.edu/wex/vicarious_liability,needs_dev_validation,,0.1.1
S0094,US_RESPONDEAT_SUPERIOR,doctrine,VICARIOUS_EMPLOYER_LIABILITY,US_GENERIC,US_generic,ko,respondeat superior 원칙,literal,researcher_translation_candidate,low,0,0,US_WEX_VICARIOUS,entry,https://www.law.cornell.edu/wex/vicarious_liability,needs_dev_validation,Researcher translation candidates are not claims of doctrinal equivalence. Inactive until development-set validation.,0.1.1
S0095,US_STRICT_LIABILITY,doctrine,STRICT_LIABILITY,US_GENERIC,US_generic,en,strict liability,literal,source_exact,low,1,0,US_WEX_STRICT,entry,https://www.law.cornell.edu/wex/strict_liability,needs_dev_validation,,0.1.1
S0096,US_STRICT_LIABILITY,doctrine,STRICT_LIABILITY,US_GENERIC,US_generic,ko,엄격책임,literal,researcher_translation_candidate,low,0,0,US_WEX_STRICT,entry,https://www.law.cornell.edu/wex/strict_liability,needs_dev_validation,Researcher translation candidates are not claims of doctrinal equivalence. Inactive until development-set validation.,0.1.1
S0097,US_STRICT_PRODUCTS_LIABILITY,doctrine,PRODUCT_LIABILITY,US_GENERIC,US_generic,en,strict products liability,literal,source_exact,low,1,1,US_WEX_STRICT,Tort Law section,https://www.law.cornell.edu/wex/strict_liability,needs_dev_validation,,0.1.1
S0098,US_STRICT_PRODUCTS_LIABILITY,doctrine,PRODUCT_LIABILITY,US_GENERIC,US_generic,en,strict product liability,literal,source_variant,low,1,1,US_WEX_STRICT,Tort Law section,https://www.law.cornell.edu/wex/strict_liability,needs_dev_validation,,0.1.1
S0099,US_STRICT_PRODUCTS_LIABILITY,doctrine,PRODUCT_LIABILITY,US_GENERIC,US_generic,ko,엄격 제조물책임,literal,researcher_translation_candidate,low,0,0,US_WEX_STRICT,Tort Law section,https://www.law.cornell.edu/wex/strict_liability,needs_dev_validation,Researcher translation candidates are not claims of doctrinal equivalence. Inactive until development-set validation.,0.1.1
S0100,US_PRODUCT_LIABILITY,doctrine,PRODUCT_LIABILITY,US_GENERIC,US_generic,en,product liability,literal,source_exact,low,1,0,US_WEX_PRODUCT,entry,https://www.law.cornell.edu/wex/product_liability,needs_dev_validation,,0.1.1
S0101,US_PRODUCT_LIABILITY,doctrine,PRODUCT_LIABILITY,US_GENERIC,US_generic,ko,제조물책임,literal,researcher_translation_candidate,low,0,0,US_WEX_PRODUCT,entry,https://www.law.cornell.edu/wex/product_liability,needs_dev_validation,Researcher translation candidates are not claims of doctrinal equivalence. Inactive until development-set validation.,0.1.1
S0102,US_MANUFACTURING_DEFECT,doctrine,MANUFACTURING_DEFECT,US_GENERIC,US_generic,en,manufacturing defect,literal,source_exact,low,1,0,US_WEX_PRODUCT,entry,https://www.law.cornell.edu/wex/product_liability,needs_dev_validation,,0.1.1
S0103,US_MANUFACTURING_DEFECT,doctrine,MANUFACTURING_DEFECT,US_GENERIC,US_generic,ko,제조결함,literal,researcher_translation_candidate,low,0,0,US_WEX_PRODUCT,entry,https://www.law.cornell.edu/wex/product_liability,needs_dev_validation,Researcher translation candidates are not claims of doctrinal equivalence. Inactive until development-set validation.,0.1.1
S0104,US_DESIGN_DEFECT,doctrine,DESIGN_DEFECT,US_GENERIC,US_generic,en,design defect,literal,source_exact,low,1,0,US_WEX_PRODUCT,entry,https://www.law.cornell.edu/wex/product_liability,needs_dev_validation,,0.1.1
S0105,US_DESIGN_DEFECT,doctrine,DESIGN_DEFECT,US_GENERIC,US_generic,ko,설계결함,literal,researcher_translation_candidate,low,0,0,US_WEX_PRODUCT,entry,https://www.law.cornell.edu/wex/product_liability,needs_dev_validation,Researcher translation candidates are not claims of doctrinal equivalence. Inactive until development-set validation.,0.1.1
S0106,US_FAILURE_TO_WARN,doctrine,WARNING_OR_INSTRUCTION_DEFECT,US_GENERIC,US_generic,en,failure to warn,literal,corpus_candidate,low,1,0,DEV_CORPUS,to validate,,needs_dev_validation,"Concept is retained, but this exact surface form must be verified in held-out U.S. development judgments.",0.1.1
S0107,US_FAILURE_TO_WARN,doctrine,WARNING_OR_INSTRUCTION_DEFECT,US_GENERIC,US_generic,en,inadequate warning,literal,source_exact,low,1,0,US_WEX_PRODUCT,marketing defect,https://www.law.cornell.edu/wex/product_liability,needs_dev_validation,,0.1.1
S0108,US_FAILURE_TO_WARN,doctrine,WARNING_OR_INSTRUCTION_DEFECT,US_GENERIC,US_generic,en,marketing defect,literal,source_exact,low,1,0,US_WEX_PRODUCT,marketing defect,https://www.law.cornell.edu/wex/product_liability,needs_dev_validation,,0.1.1
S0109,US_FAILURE_TO_WARN,doctrine,WARNING_OR_INSTRUCTION_DEFECT,US_GENERIC,US_generic,ko,경고의무 위반,literal,researcher_translation_candidate,low,0,0,US_WEX_PRODUCT,marketing defect,https://www.law.cornell.edu/wex/product_liability,needs_dev_validation,Researcher translation candidates are not claims of doctrinal equivalence. Inactive until development-set validation.,0.1.1
S0110,US_CONSUMER_EXPECTATION_TEST,doctrine,PRODUCT_SAFETY_EXPECTATION,US_GENERIC,US_generic,en,consumer expectation standard,literal,source_exact,low,1,1,US_WEX_PRODUCT,consumer expectation standard,https://www.law.cornell.edu/wex/product_liability,needs_dev_validation,,0.1.1
S0111,US_CONSUMER_EXPECTATION_TEST,doctrine,PRODUCT_SAFETY_EXPECTATION,US_GENERIC,US_generic,en,consumer expectation test,literal,source_variant,low,1,1,US_WEX_PRODUCT,consumer expectation standard,https://www.law.cornell.edu/wex/product_liability,needs_dev_validation,,0.1.1
S0112,US_CONSUMER_EXPECTATION_TEST,doctrine,PRODUCT_SAFETY_EXPECTATION,US_GENERIC,US_generic,ko,소비자 기대 기준,literal,researcher_translation_candidate,low,0,0,US_WEX_PRODUCT,consumer expectation standard,https://www.law.cornell.edu/wex/product_liability,needs_dev_validation,Researcher translation candidates are not claims of doctrinal equivalence. Inactive until development-set validation.,0.1.1
S0113,US_RISK_UTILITY_TEST,doctrine,PRODUCT_RISK_UTILITY,US_GENERIC,US_generic,en,risk-utility standard,literal,source_exact,low,1,1,US_WEX_PRODUCT,risk-utility standard,https://www.law.cornell.edu/wex/product_liability,needs_dev_validation,,0.1.1
S0114,US_RISK_UTILITY_TEST,doctrine,PRODUCT_RISK_UTILITY,US_GENERIC,US_generic,en,risk-utility test,literal,source_variant,low,1,1,US_WEX_PRODUCT,risk-utility standard,https://www.law.cornell.edu/wex/product_liability,needs_dev_validation,,0.1.1
S0115,US_RISK_UTILITY_TEST,doctrine,PRODUCT_RISK_UTILITY,US_GENERIC,US_generic,ko,위험-효용 기준,literal,researcher_translation_candidate,low,0,0,US_WEX_PRODUCT,risk-utility standard,https://www.law.cornell.edu/wex/product_liability,needs_dev_validation,Researcher translation candidates are not claims of doctrinal equivalence. Inactive until development-set validation.,0.1.1
S0116,US_ABNORMALLY_DANGEROUS_ACTIVITY,doctrine,STRICT_LIABILITY,US_GENERIC,US_generic,en,abnormally dangerous activities,literal,source_exact,low,1,1,US_WEX_STRICT,Tort Law section,https://www.law.cornell.edu/wex/strict_liability,needs_dev_validation,,0.1.1
S0117,US_ABNORMALLY_DANGEROUS_ACTIVITY,doctrine,STRICT_LIABILITY,US_GENERIC,US_generic,en,abnormally dangerous activity,literal,source_variant,low,1,1,US_WEX_STRICT,Tort Law section,https://www.law.cornell.edu/wex/strict_liability,needs_dev_validation,,0.1.1
S0118,US_ABNORMALLY_DANGEROUS_ACTIVITY,doctrine,STRICT_LIABILITY,US_GENERIC,US_generic,ko,비정상적으로 위험한 활동,literal,researcher_translation_candidate,low,0,0,US_WEX_STRICT,Tort Law section,https://www.law.cornell.edu/wex/strict_liability,needs_dev_validation,Researcher translation candidates are not claims of doctrinal equivalence. Inactive until development-set validation.,0.1.1
S0119,KR_COMPENSATION_FOR_DAMAGES,remedy,COMPENSATORY_RELIEF,KR,shared,ko,손해배상,literal,source_exact,high,0,0,KR_CIVIL_ACT,Arts. 750-752,https://elaw.klri.re.kr/eng_service/lawViewContent.do?hseq=61788,needs_dev_validation,,0.1.1
S0120,KR_COMPENSATION_FOR_DAMAGES,remedy,COMPENSATORY_RELIEF,KR,shared,en,compensation for damages,literal,official_translation,low,1,0,KR_CIVIL_ACT,Arts. 750-752,https://elaw.klri.re.kr/eng_service/lawViewContent.do?hseq=61788,needs_dev_validation,Researcher translation candidates are not claims of doctrinal equivalence.,0.1.1
S0121,KR_NON_ECONOMIC_DAMAGES,remedy,NON_ECONOMIC_DAMAGES,KR,KR_specific,ko,비재산적 손해,literal,source_variant,low,1,0,KR_CIVIL_ACT,Art. 751,https://elaw.klri.re.kr/eng_service/lawViewContent.do?hseq=61788,needs_dev_validation,,0.1.1
S0122,KR_NON_ECONOMIC_DAMAGES,remedy,NON_ECONOMIC_DAMAGES,KR,KR_specific,en,non-economic damages,literal,official_translation,low,1,0,KR_CIVIL_ACT,Art. 751,https://elaw.klri.re.kr/eng_service/lawViewContent.do?hseq=61788,needs_dev_validation,Researcher translation candidates are not claims of doctrinal equivalence.,0.1.1
S0123,KR_MENTAL_ANGUISH,remedy,NON_ECONOMIC_DAMAGES,KR,KR_specific,ko,정신적 고통,literal,source_exact,low,1,0,KR_CIVIL_ACT,Art. 751,https://elaw.klri.re.kr/eng_service/lawViewContent.do?hseq=61788,needs_dev_validation,,0.1.1
S0124,KR_MENTAL_ANGUISH,remedy,NON_ECONOMIC_DAMAGES,KR,KR_specific,ko,정신적 손해,literal,source_variant,low,1,0,KR_CIVIL_ACT,Art. 751,https://elaw.klri.re.kr/eng_service/lawViewContent.do?hseq=61788,needs_dev_validation,,0.1.1
S0125,KR_MENTAL_ANGUISH,remedy,NON_ECONOMIC_DAMAGES,KR,KR_specific,en,mental anguish,literal,official_translation,low,1,0,KR_CIVIL_ACT,Art. 751,https://elaw.klri.re.kr/eng_service/lawViewContent.do?hseq=61788,needs_dev_validation,Researcher translation candidates are not claims of doctrinal equivalence.,0.1.1
S0126,KR_CONSOLATION_MONEY,remedy,NON_ECONOMIC_DAMAGES,KR,KR_specific,ko,위자료,literal,source_exact,low,1,0,KR_CIVIL_ACT,Art. 752,https://elaw.klri.re.kr/eng_service/lawViewContent.do?hseq=61788,needs_dev_validation,,0.1.1
S0127,KR_CONSOLATION_MONEY,remedy,NON_ECONOMIC_DAMAGES,KR,KR_specific,en,consolation money,literal,official_translation,low,1,0,KR_CIVIL_ACT,Art. 752,https://elaw.klri.re.kr/eng_service/lawViewContent.do?hseq=61788,needs_dev_validation,Researcher translation candidates are not claims of doctrinal equivalence.,0.1.1
S0128,KR_PERIODICAL_COMPENSATION,remedy,PERIODIC_DAMAGES,KR,KR_specific,ko,정기금 배상,literal,source_variant,low,1,0,KR_CIVIL_ACT,Art. 751(2),https://elaw.klri.re.kr/eng_service/lawViewContent.do?hseq=61788,needs_dev_validation,,0.1.1
S0129,KR_PERIODICAL_COMPENSATION,remedy,PERIODIC_DAMAGES,KR,KR_specific,en,periodical payments,literal,official_translation,low,1,0,KR_CIVIL_ACT,Art. 751(2),https://elaw.klri.re.kr/eng_service/lawViewContent.do?hseq=61788,needs_dev_validation,Researcher translation candidates are not claims of doctrinal equivalence.,0.1.1
S0130,KR_LOST_INCOME,remedy,LOST_EARNINGS,KR,KR_specific,ko,일실수입,literal,source_exact,low,1,0,KR_SC_DAMAGES_2022,press release,https://www.scourt.go.kr/supreme/news/NewsViewAction2.work?gubun=702&searchOption=&searchWord=&seqnum=1213,needs_dev_validation,,0.1.1
S0131,KR_LOST_INCOME,remedy,LOST_EARNINGS,KR,KR_specific,en,lost income,literal,researcher_translation_candidate,low,0,0,KR_SC_DAMAGES_2022,press release,https://www.scourt.go.kr/supreme/news/NewsViewAction2.work?gubun=702&searchOption=&searchWord=&seqnum=1213,needs_dev_validation,Researcher translation candidates are not claims of doctrinal equivalence. Inactive until development-set validation.,0.1.1
S0132,KR_LOST_PROFITS,remedy,LOST_PROFITS,KR,KR_specific,ko,일실이익,literal,corpus_candidate,low,0,0,DEV_CORPUS,to validate,,needs_dev_validation,Inactive until development-set validation.,0.1.1
S0133,KR_LOST_PROFITS,remedy,LOST_PROFITS,KR,KR_specific,en,lost profits,literal,researcher_translation_candidate,low,0,0,DEV_CORPUS,to validate,,needs_dev_validation,Researcher translation candidates are not claims of doctrinal equivalence. Inactive until development-set validation.,0.1.1
S0134,KR_MEDICAL_EXPENSES,remedy,MEDICAL_EXPENSES,KR,shared,ko,치료비,literal,corpus_candidate,low,0,0,DEV_CORPUS,to validate,,needs_dev_validation,Inactive until development-set validation.,0.1.1
S0135,KR_MEDICAL_EXPENSES,remedy,MEDICAL_EXPENSES,KR,shared,en,medical expenses,literal,researcher_translation_candidate,low,0,0,DEV_CORPUS,to validate,,needs_dev_validation,Researcher translation candidates are not claims of doctrinal equivalence. Inactive until development-set validation.,0.1.1
S0136,KR_FUTURE_MEDICAL_EXPENSES,remedy,FUTURE_MEDICAL_EXPENSES,KR,shared,ko,향후치료비,literal,corpus_candidate,low,0,0,DEV_CORPUS,to validate,,needs_dev_validation,Inactive until development-set validation.,0.1.1
S0137,KR_FUTURE_MEDICAL_EXPENSES,remedy,FUTURE_MEDICAL_EXPENSES,KR,shared,ko,향후 치료비,literal,corpus_candidate,low,0,0,DEV_CORPUS,to validate,,needs_dev_validation,Inactive until development-set validation.,0.1.1
S0138,KR_FUTURE_MEDICAL_EXPENSES,remedy,FUTURE_MEDICAL_EXPENSES,KR,shared,en,future medical expenses,literal,researcher_translation_candidate,low,0,0,DEV_CORPUS,to validate,,needs_dev_validation,Researcher translation candidates are not claims of doctrinal equivalence. Inactive until development-set validation.,0.1.1
S0139,KR_CARE_EXPENSES,remedy,CARE_EXPENSES,KR,KR_specific,ko,개호비,literal,corpus_candidate,low,0,0,DEV_CORPUS,to validate,,needs_dev_validation,Inactive until development-set validation.,0.1.1
S0140,KR_CARE_EXPENSES,remedy,CARE_EXPENSES,KR,KR_specific,en,care expenses,literal,researcher_translation_candidate,low,0,0,DEV_CORPUS,to validate,,needs_dev_validation,Researcher translation candidates are not claims of doctrinal equivalence. Inactive until development-set validation.,0.1.1
S0141,KR_FUNERAL_EXPENSES,remedy,FUNERAL_EXPENSES,KR,shared,ko,장례비,literal,corpus_candidate,low,0,0,DEV_CORPUS,to validate,,needs_dev_validation,Inactive until development-set validation.,0.1.1
S0142,KR_FUNERAL_EXPENSES,remedy,FUNERAL_EXPENSES,KR,shared,en,funeral expenses,literal,researcher_translation_candidate,low,0,0,DEV_CORPUS,to validate,,needs_dev_validation,Researcher translation candidates are not claims of doctrinal equivalence. Inactive until development-set validation.,0.1.1
S0143,KR_PROPERTY_DAMAGE,remedy,PROPERTY_DAMAGE,KR,shared,ko,재산상 손해,literal,source_variant,low,1,0,KR_CIVIL_ACT,Art. 750,https://elaw.klri.re.kr/eng_service/lawViewContent.do?hseq=61788,needs_dev_validation,,0.1.1
S0144,KR_PROPERTY_DAMAGE,remedy,PROPERTY_DAMAGE,KR,shared,en,property damage,literal,researcher_translation_candidate,low,0,0,KR_CIVIL_ACT,Art. 750,https://elaw.klri.re.kr/eng_service/lawViewContent.do?hseq=61788,needs_dev_validation,Researcher translation candidates are not claims of doctrinal equivalence. Inactive until development-set validation.,0.1.1
S0145,KR_TREBLE_PRODUCT_DAMAGES,remedy,ENHANCED_DAMAGES,KR,KR_specific,ko,3배 이내,literal,source_variant,low,1,0,KR_PRODUCT_LIABILITY_ACT,Art. 3(2),https://elaw.klri.re.kr/kor_service/lawViewMultiContent.do?hseq=43265,needs_dev_validation,,0.1.1
S0146,KR_TREBLE_PRODUCT_DAMAGES,remedy,ENHANCED_DAMAGES,KR,KR_specific,ko,세 배,literal,source_variant,low,1,0,KR_PRODUCT_LIABILITY_ACT,Art. 3(2),https://elaw.klri.re.kr/kor_service/lawViewMultiContent.do?hseq=43265,needs_dev_validation,,0.1.1
S0147,KR_TREBLE_PRODUCT_DAMAGES,remedy,ENHANCED_DAMAGES,KR,KR_specific,en,up to three times the damage,literal,official_translation,low,1,0,KR_PRODUCT_LIABILITY_ACT,Art. 3(2),https://elaw.klri.re.kr/kor_service/lawViewMultiContent.do?hseq=43265,needs_dev_validation,Researcher translation candidates are not claims of doctrinal equivalence.,0.1.1
S0148,KR_REPUTATION_RESTORATION,remedy,EQUITABLE_REMEDY,KR,KR_specific,ko,명예회복에 적당한 처분,literal,source_exact,low,1,0,KR_CIVIL_ACT,Art. 764,https://elaw.klri.re.kr/eng_service/lawViewContent.do?hseq=61788,needs_dev_validation,,0.1.1
S0149,KR_REPUTATION_RESTORATION,remedy,EQUITABLE_REMEDY,KR,KR_specific,en,measures appropriate for repairing the injured party's reputation,literal,official_translation,low,1,0,KR_CIVIL_ACT,Art. 764,https://elaw.klri.re.kr/eng_service/lawViewContent.do?hseq=61788,needs_dev_validation,Researcher translation candidates are not claims of doctrinal equivalence.,0.1.1
S0150,KR_REDUCTION_COMPENSATION_AMOUNT,remedy,DAMAGES_REDUCTION,KR,KR_specific,ko,배상액의 감액,literal,source_exact,low,1,0,KR_CIVIL_ACT,Art. 765,https://elaw.klri.re.kr/eng_service/lawViewContent.do?hseq=61788,needs_dev_validation,,0.1.1
S0151,KR_REDUCTION_COMPENSATION_AMOUNT,remedy,DAMAGES_REDUCTION,KR,KR_specific,ko,손해배상액 감액,literal,source_variant,low,1,0,KR_CIVIL_ACT,Art. 765,https://elaw.klri.re.kr/eng_service/lawViewContent.do?hseq=61788,needs_dev_validation,,0.1.1
S0152,KR_REDUCTION_COMPENSATION_AMOUNT,remedy,DAMAGES_REDUCTION,KR,KR_specific,en,reduction in compensation amount,literal,official_translation,low,1,0,KR_CIVIL_ACT,Art. 765,https://elaw.klri.re.kr/eng_service/lawViewContent.do?hseq=61788,needs_dev_validation,Researcher translation candidates are not claims of doctrinal equivalence.,0.1.1
S0153,US_DAMAGES,remedy,COMPENSATORY_RELIEF,US_GENERIC,shared,en,damages,literal,source_exact,high,0,0,US_WEX_DAMAGES,entry,https://www.law.cornell.edu/wex/damages,needs_dev_validation,,0.1.1
S0154,US_DAMAGES,remedy,COMPENSATORY_RELIEF,US_GENERIC,shared,ko,손해배상,literal,researcher_translation_candidate,high,0,0,US_WEX_DAMAGES,entry,https://www.law.cornell.edu/wex/damages,needs_dev_validation,Researcher translation candidates are not claims of doctrinal equivalence. Inactive until development-set validation.,0.1.1
S0155,US_COMPENSATORY_DAMAGES,remedy,COMPENSATORY_RELIEF,US_GENERIC,US_generic,en,compensatory damages,literal,source_exact,low,1,0,US_WEX_COMPENSATORY,entry,https://www.law.cornell.edu/wex/compensatory_damages,needs_dev_validation,,0.1.1
S0156,US_COMPENSATORY_DAMAGES,remedy,COMPENSATORY_RELIEF,US_GENERIC,US_generic,ko,전보적 손해배상,literal,researcher_translation_candidate,low,0,0,US_WEX_COMPENSATORY,entry,https://www.law.cornell.edu/wex/compensatory_damages,needs_dev_validation,Researcher translation candidates are not claims of doctrinal equivalence. Inactive until development-set validation.,0.1.1
S0157,US_COMPENSATORY_DAMAGES,remedy,COMPENSATORY_RELIEF,US_GENERIC,US_generic,ko,보상적 손해배상,literal,researcher_translation_candidate,low,0,0,US_WEX_COMPENSATORY,entry,https://www.law.cornell.edu/wex/compensatory_damages,needs_dev_validation,Researcher translation candidates are not claims of doctrinal equivalence. Inactive until development-set validation.,0.1.1
S0158,US_ACTUAL_DAMAGES,remedy,COMPENSATORY_RELIEF,US_GENERIC,US_generic,en,actual damages,literal,source_exact,low,1,0,US_WEX_COMPENSATORY,entry,https://www.law.cornell.edu/wex/compensatory_damages,needs_dev_validation,,0.1.1
S0159,US_ACTUAL_DAMAGES,remedy,COMPENSATORY_RELIEF,US_GENERIC,US_generic,ko,실제 손해배상,literal,researcher_translation_candidate,low,0,0,US_WEX_COMPENSATORY,entry,https://www.law.cornell.edu/wex/compensatory_damages,needs_dev_validation,Researcher translation candidates are not claims of doctrinal equivalence. Inactive until development-set validation.,0.1.1
S0160,US_ECONOMIC_DAMAGES,remedy,ECONOMIC_DAMAGES,US_GENERIC,US_generic,en,economic damages,literal,corpus_candidate,low,1,0,DEV_CORPUS,to validate,,needs_dev_validation,Surface form retained as a candidate; verify in held-out U.S. development judgments.,0.1.1
S0161,US_ECONOMIC_DAMAGES,remedy,ECONOMIC_DAMAGES,US_GENERIC,US_generic,ko,경제적 손해,literal,researcher_translation_candidate,low,0,0,US_WEX_DAMAGES,entry,https://www.law.cornell.edu/wex/damages,needs_dev_validation,Researcher translation candidates are not claims of doctrinal equivalence. Inactive until development-set validation.,0.1.1
S0162,US_NONECONOMIC_DAMAGES,remedy,NON_ECONOMIC_DAMAGES,US_GENERIC,US_generic,en,noneconomic damages,literal,source_variant,low,1,0,US_WEX_DAMAGES,entry,https://www.law.cornell.edu/wex/damages,needs_dev_validation,,0.1.1
S0163,US_NONECONOMIC_DAMAGES,remedy,NON_ECONOMIC_DAMAGES,US_GENERIC,US_generic,en,non-economic damages,literal,source_variant,low,1,0,US_WEX_DAMAGES,entry,https://www.law.cornell.edu/wex/damages,needs_dev_validation,,0.1.1
S0164,US_NONECONOMIC_DAMAGES,remedy,NON_ECONOMIC_DAMAGES,US_GENERIC,US_generic,ko,비경제적 손해,literal,researcher_translation_candidate,low,0,0,US_WEX_DAMAGES,entry,https://www.law.cornell.edu/wex/damages,needs_dev_validation,Researcher translation candidates are not claims of doctrinal equivalence. Inactive until development-set validation.,0.1.1
S0165,US_PUNITIVE_DAMAGES,remedy,PUNITIVE_DAMAGES,US_GENERIC,US_generic,en,punitive damages,literal,source_exact,low,1,0,US_WEX_PUNITIVE,entry,https://www.law.cornell.edu/wex/punitive_damages,needs_dev_validation,,0.1.1
S0166,US_PUNITIVE_DAMAGES,remedy,PUNITIVE_DAMAGES,US_GENERIC,US_generic,ko,징벌적 손해배상,literal,researcher_translation_candidate,low,0,0,US_WEX_PUNITIVE,entry,https://www.law.cornell.edu/wex/punitive_damages,needs_dev_validation,Researcher translation candidates are not claims of doctrinal equivalence. Inactive until development-set validation.,0.1.1
S0167,US_EXEMPLARY_DAMAGES,remedy,PUNITIVE_DAMAGES,US_GENERIC,US_generic,en,exemplary damages,literal,source_variant,low,1,0,US_WEX_PUNITIVE,synonym candidate,https://www.law.cornell.edu/wex/punitive_damages,needs_dev_validation,,0.1.1
S0168,US_EXEMPLARY_DAMAGES,remedy,PUNITIVE_DAMAGES,US_GENERIC,US_generic,ko,징벌적 손해배상,literal,researcher_translation_candidate,low,0,0,US_WEX_PUNITIVE,synonym candidate,https://www.law.cornell.edu/wex/punitive_damages,needs_dev_validation,Researcher translation candidates are not claims of doctrinal equivalence. Inactive until development-set validation.,0.1.1
S0169,US_NOMINAL_DAMAGES,remedy,NOMINAL_DAMAGES,US_GENERIC,US_generic,en,nominal damages,literal,source_exact,low,1,0,US_WEX_NOMINAL,entry,https://www.law.cornell.edu/wex/nominal_damages,needs_dev_validation,,0.1.1
S0170,US_NOMINAL_DAMAGES,remedy,NOMINAL_DAMAGES,US_GENERIC,US_generic,ko,명목상 손해배상,literal,researcher_translation_candidate,low,0,0,US_WEX_NOMINAL,entry,https://www.law.cornell.edu/wex/nominal_damages,needs_dev_validation,Researcher translation candidates are not claims of doctrinal equivalence. Inactive until development-set validation.,0.1.1
S0171,US_MEDICAL_EXPENSES,remedy,MEDICAL_EXPENSES,US_GENERIC,shared,en,medical expenses,literal,source_variant,low,1,0,US_WEX_DAMAGES,related medical-care loss terminology; exact 'medical expenses' requires dev validation,https://www.law.cornell.edu/wex/damages,needs_dev_validation,Not treated as an exact Wex quotation; validate surface form in the development corpus.,0.1.1
S0172,US_MEDICAL_EXPENSES,remedy,MEDICAL_EXPENSES,US_GENERIC,shared,ko,치료비,literal,researcher_translation_candidate,low,0,0,US_WEX_DAMAGES,tort losses,https://www.law.cornell.edu/wex/damages,needs_dev_validation,Researcher translation candidates are not claims of doctrinal equivalence. Inactive until development-set validation.,0.1.1
S0173,US_MEDICAL_EXPENSES,remedy,MEDICAL_EXPENSES,US_GENERIC,shared,ko,의료비,literal,researcher_translation_candidate,low,0,0,US_WEX_DAMAGES,tort losses,https://www.law.cornell.edu/wex/damages,needs_dev_validation,Researcher translation candidates are not claims of doctrinal equivalence. Inactive until development-set validation.,0.1.1
S0174,US_FUTURE_MEDICAL_EXPENSES,remedy,FUTURE_MEDICAL_EXPENSES,US_GENERIC,shared,en,future medical expenses,literal,corpus_candidate,low,0,0,DEV_CORPUS,to validate,,needs_dev_validation,Inactive until development-set validation.,0.1.1
S0175,US_FUTURE_MEDICAL_EXPENSES,remedy,FUTURE_MEDICAL_EXPENSES,US_GENERIC,shared,ko,향후 치료비,literal,researcher_translation_candidate,low,0,0,DEV_CORPUS,to validate,,needs_dev_validation,Researcher translation candidates are not claims of doctrinal equivalence. Inactive until development-set validation.,0.1.1
S0176,US_PROPERTY_DAMAGE,remedy,PROPERTY_DAMAGE,US_GENERIC,shared,en,property damage,literal,source_exact,low,1,0,US_WEX_DAMAGES,tort losses,https://www.law.cornell.edu/wex/damages,needs_dev_validation,,0.1.1
S0177,US_PROPERTY_DAMAGE,remedy,PROPERTY_DAMAGE,US_GENERIC,shared,ko,재산 손해,literal,researcher_translation_candidate,low,0,0,US_WEX_DAMAGES,tort losses,https://www.law.cornell.edu/wex/damages,needs_dev_validation,Researcher translation candidates are not claims of doctrinal equivalence. Inactive until development-set validation.,0.1.1
S0178,US_LOST_WAGES,remedy,LOST_EARNINGS,US_GENERIC,US_generic,en,lost wages,literal,source_exact,low,1,0,US_WEX_DAMAGES,tort losses,https://www.law.cornell.edu/wex/damages,needs_dev_validation,,0.1.1
S0179,US_LOST_WAGES,remedy,LOST_EARNINGS,US_GENERIC,US_generic,ko,임금 손실,literal,researcher_translation_candidate,low,0,0,US_WEX_DAMAGES,tort losses,https://www.law.cornell.edu/wex/damages,needs_dev_validation,Researcher translation candidates are not claims of doctrinal equivalence. Inactive until development-set validation.,0.1.1
S0180,US_LOST_EARNINGS,remedy,LOST_EARNINGS,US_GENERIC,US_generic,en,lost earnings,literal,source_variant,low,1,0,US_WEX_COMPENSATORY,related lost-wages/income terminology; exact 'lost earnings' requires dev validation,https://www.law.cornell.edu/wex/compensatory_damages,needs_dev_validation,Not treated as an exact Wex quotation; validate surface form in the development corpus.,0.1.1
S0181,US_LOST_EARNINGS,remedy,LOST_EARNINGS,US_GENERIC,US_generic,ko,상실 수입,literal,researcher_translation_candidate,low,0,0,US_WEX_COMPENSATORY,entry,https://www.law.cornell.edu/wex/compensatory_damages,needs_dev_validation,Researcher translation candidates are not claims of doctrinal equivalence. Inactive until development-set validation.,0.1.1
S0182,US_LOSS_EARNING_CAPACITY,remedy,LOST_EARNINGS,US_GENERIC,US_generic,en,loss of earning capacity,literal,corpus_candidate,low,0,0,DEV_CORPUS,to validate,,needs_dev_validation,Inactive until development-set validation.,0.1.1
S0183,US_LOSS_EARNING_CAPACITY,remedy,LOST_EARNINGS,US_GENERIC,US_generic,ko,노동능력 상실에 따른 수입 손실,literal,researcher_translation_candidate,low,0,0,DEV_CORPUS,to validate,,needs_dev_validation,Researcher translation candidates are not claims of doctrinal equivalence. Inactive until development-set validation.,0.1.1
S0184,US_PAIN_AND_SUFFERING,remedy,NON_ECONOMIC_DAMAGES,US_GENERIC,US_generic,en,pain and suffering,literal,source_exact,low,1,0,US_WEX_DAMAGES,tort losses,https://www.law.cornell.edu/wex/damages,needs_dev_validation,,0.1.1
S0185,US_PAIN_AND_SUFFERING,remedy,NON_ECONOMIC_DAMAGES,US_GENERIC,US_generic,ko,통증과 고통,literal,researcher_translation_candidate,low,0,0,US_WEX_DAMAGES,tort losses,https://www.law.cornell.edu/wex/damages,needs_dev_validation,Researcher translation candidates are not claims of doctrinal equivalence. Inactive until development-set validation.,0.1.1
S0186,US_EMOTIONAL_DISTRESS_DAMAGES,remedy,NON_ECONOMIC_DAMAGES,US_GENERIC,US_generic,en,emotional distress,literal,source_exact,low,1,0,US_WEX_COMPENSATORY,entry,https://www.law.cornell.edu/wex/compensatory_damages,needs_dev_validation,,0.1.1
S0187,US_EMOTIONAL_DISTRESS_DAMAGES,remedy,NON_ECONOMIC_DAMAGES,US_GENERIC,US_generic,en,emotional distress damages,literal,source_variant,low,1,0,US_WEX_COMPENSATORY,entry,https://www.law.cornell.edu/wex/compensatory_damages,needs_dev_validation,,0.1.1
S0188,US_EMOTIONAL_DISTRESS_DAMAGES,remedy,NON_ECONOMIC_DAMAGES,US_GENERIC,US_generic,ko,정신적 고통에 대한 손해배상,literal,researcher_translation_candidate,low,0,0,US_WEX_COMPENSATORY,entry,https://www.law.cornell.edu/wex/compensatory_damages,needs_dev_validation,Researcher translation candidates are not claims of doctrinal equivalence. Inactive until development-set validation.,0.1.1
S0189,US_TREBLE_DAMAGES,remedy,ENHANCED_DAMAGES,US_GENERIC,US_generic,en,treble damages,literal,source_exact,low,1,0,US_WEX_DAMAGES,entry,https://www.law.cornell.edu/wex/damages,needs_dev_validation,,0.1.1
S0190,US_TREBLE_DAMAGES,remedy,ENHANCED_DAMAGES,US_GENERIC,US_generic,ko,3배 손해배상,literal,researcher_translation_candidate,low,0,0,US_WEX_DAMAGES,entry,https://www.law.cornell.edu/wex/damages,needs_dev_validation,Researcher translation candidates are not claims of doctrinal equivalence. Inactive until development-set validation.,0.1.1
S0191,US_RESTITUTION,remedy,RESTITUTIONARY_REMEDY,US_GENERIC,US_generic,en,restitution,literal,source_exact,low,1,0,US_WEX_DAMAGES,entry,https://www.law.cornell.edu/wex/damages,needs_dev_validation,,0.1.1
S0192,US_RESTITUTION,remedy,RESTITUTIONARY_REMEDY,US_GENERIC,US_generic,ko,부당이득 반환,literal,researcher_translation_candidate,low,0,0,US_WEX_DAMAGES,entry,https://www.law.cornell.edu/wex/damages,needs_dev_validation,Researcher translation candidates are not claims of doctrinal equivalence. Inactive until development-set validation.,0.1.1
S0193,US_INJUNCTION,remedy,EQUITABLE_REMEDY,US_GENERIC,US_generic,en,injunction,literal,source_exact,low,1,0,US_WEX_INJUNCTION,entry,https://www.law.cornell.edu/wex/injunction,needs_dev_validation,,0.1.1
S0194,US_INJUNCTION,remedy,EQUITABLE_REMEDY,US_GENERIC,US_generic,ko,금지명령,literal,researcher_translation_candidate,low,0,0,US_WEX_INJUNCTION,entry,https://www.law.cornell.edu/wex/injunction,needs_dev_validation,Researcher translation candidates are not claims of doctrinal equivalence. Inactive until development-set validation.,0.1.1
S0195,US_PRELIMINARY_INJUNCTION,remedy,EQUITABLE_REMEDY,US_GENERIC,US_generic,en,preliminary injunction,literal,source_exact,low,1,0,US_WEX_INJUNCTION,entry,https://www.law.cornell.edu/wex/injunction,needs_dev_validation,,0.1.1
S0196,US_PRELIMINARY_INJUNCTION,remedy,EQUITABLE_REMEDY,US_GENERIC,US_generic,ko,예비적 금지명령,literal,researcher_translation_candidate,low,0,0,US_WEX_INJUNCTION,entry,https://www.law.cornell.edu/wex/injunction,needs_dev_validation,Researcher translation candidates are not claims of doctrinal equivalence. Inactive until development-set validation.,0.1.1
S0197,US_PERMANENT_INJUNCTION,remedy,EQUITABLE_REMEDY,US_GENERIC,US_generic,en,permanent injunction,literal,source_exact,low,1,0,US_WEX_INJUNCTION,entry,https://www.law.cornell.edu/wex/injunction,needs_dev_validation,,0.1.1
S0198,US_PERMANENT_INJUNCTION,remedy,EQUITABLE_REMEDY,US_GENERIC,US_generic,ko,영구적 금지명령,literal,researcher_translation_candidate,low,0,0,US_WEX_INJUNCTION,entry,https://www.law.cornell.edu/wex/injunction,needs_dev_validation,Researcher translation candidates are not claims of doctrinal equivalence. Inactive until development-set validation.,0.1.1
S0199,US_TEMPORARY_RESTRAINING_ORDER,remedy,EQUITABLE_REMEDY,US_GENERIC,US_generic,en,temporary restraining order,literal,source_exact,low,1,0,US_WEX_INJUNCTION,entry,https://www.law.cornell.edu/wex/injunction,needs_dev_validation,,0.1.1
S0200,US_TEMPORARY_RESTRAINING_ORDER,remedy,EQUITABLE_REMEDY,US_GENERIC,US_generic,en,TRO,literal,source_variant,low,1,0,US_WEX_INJUNCTION,entry,https://www.law.cornell.edu/wex/injunction,needs_dev_validation,,0.1.1
S0201,US_TEMPORARY_RESTRAINING_ORDER,remedy,EQUITABLE_REMEDY,US_GENERIC,US_generic,ko,임시제한명령,literal,researcher_translation_candidate,low,0,0,US_WEX_INJUNCTION,entry,https://www.law.cornell.edu/wex/injunction,needs_dev_validation,Researcher translation candidates are not claims of doctrinal equivalence. Inactive until development-set validation.,0.1.1
S0202,KR_FIRST_INSTANCE,procedure,COURT_LEVEL,KR,none,ko,제1심,literal,source_exact,low,1,0,KR_CIVIL_PROCEDURE_ACT,first-instance provisions,https://elaw.klri.re.kr/kor_service/lawViewContent.do?hseq=55220,needs_dev_validation,,0.1.1
S0203,KR_FIRST_INSTANCE,procedure,COURT_LEVEL,KR,none,ko,1심,literal,source_variant,low,1,0,KR_CIVIL_PROCEDURE_ACT,first-instance provisions,https://elaw.klri.re.kr/kor_service/lawViewContent.do?hseq=55220,needs_dev_validation,,0.1.1
S0204,KR_FIRST_INSTANCE,procedure,COURT_LEVEL,KR,none,en,court of first instance,literal,official_translation,low,1,0,KR_CIVIL_PROCEDURE_ACT,first-instance provisions,https://elaw.klri.re.kr/kor_service/lawViewContent.do?hseq=55220,needs_dev_validation,Researcher translation candidates are not claims of doctrinal equivalence.,0.1.1
S0205,KR_FIRST_INSTANCE,procedure,COURT_LEVEL,KR,none,en,first instance,literal,official_translation,low,1,0,KR_CIVIL_PROCEDURE_ACT,first-instance provisions,https://elaw.klri.re.kr/kor_service/lawViewContent.do?hseq=55220,needs_dev_validation,Researcher translation candidates are not claims of doctrinal equivalence.,0.1.1
S0206,KR_ORIGINAL_COURT,procedure,COURT_LEVEL,KR,none,ko,원심,literal,source_variant,low,1,0,KR_CIVIL_PROCEDURE_ACT,Art. 436,https://elaw.klri.re.kr/kor_service/lawViewContent.do?hseq=55220,needs_dev_validation,,0.1.1
S0207,KR_ORIGINAL_COURT,procedure,COURT_LEVEL,KR,none,en,original court,literal,official_translation,low,1,0,KR_CIVIL_PROCEDURE_ACT,Art. 436,https://elaw.klri.re.kr/kor_service/lawViewContent.do?hseq=55220,needs_dev_validation,Researcher translation candidates are not claims of doctrinal equivalence.,0.1.1
S0208,KR_APPEAL,procedure,APPEAL,KR,none,ko,항소,literal,source_exact,low,1,0,KR_CIVIL_PROCEDURE_ACT,appeal provisions,https://elaw.klri.re.kr/kor_service/lawViewContent.do?hseq=55220,needs_dev_validation,,0.1.1
S0209,KR_APPEAL,procedure,APPEAL,KR,none,en,appeal,literal,official_translation,high,0,0,KR_CIVIL_PROCEDURE_ACT,appeal provisions,https://elaw.klri.re.kr/kor_service/lawViewContent.do?hseq=55220,needs_dev_validation,Researcher translation candidates are not claims of doctrinal equivalence.,0.1.1
S0210,KR_APPELLATE_COURT,procedure,COURT_LEVEL,KR,none,ko,항소심,literal,source_variant,low,1,0,KR_CIVIL_PROCEDURE_ACT,Arts. 390-418,https://elaw.klri.re.kr/kor_service/lawViewContent.do?hseq=55220,needs_dev_validation,,0.1.1
S0211,KR_APPELLATE_COURT,procedure,COURT_LEVEL,KR,none,en,court of appeals,literal,official_translation,low,1,0,KR_CIVIL_PROCEDURE_ACT,Arts. 390-418,https://elaw.klri.re.kr/kor_service/lawViewContent.do?hseq=55220,needs_dev_validation,Researcher translation candidates are not claims of doctrinal equivalence.,0.1.1
S0212,KR_FINAL_APPEAL,procedure,FINAL_APPEAL,KR,none,ko,상고,literal,source_exact,low,1,0,KR_CIVIL_PROCEDURE_ACT,Arts. 422-437,https://elaw.klri.re.kr/kor_service/lawViewContent.do?hseq=55220,needs_dev_validation,,0.1.1
S0213,KR_FINAL_APPEAL,procedure,FINAL_APPEAL,KR,none,en,appeal to the Supreme Court,literal,official_translation,low,1,0,KR_CIVIL_PROCEDURE_ACT,Arts. 422-437,https://elaw.klri.re.kr/kor_service/lawViewContent.do?hseq=55220,needs_dev_validation,Researcher translation candidates are not claims of doctrinal equivalence.,0.1.1
S0214,KR_FINAL_APPEAL,procedure,FINAL_APPEAL,KR,none,en,final appeal,literal,official_translation_variant,low,1,0,KR_CIVIL_PROCEDURE_ACT,Arts. 422-437,https://elaw.klri.re.kr/kor_service/lawViewContent.do?hseq=55220,needs_dev_validation,Researcher translation candidates are not claims of doctrinal equivalence.,0.1.1
S0215,KR_COURT_FINAL_APPEAL,procedure,COURT_LEVEL,KR,none,ko,상고심,literal,source_variant,low,1,0,KR_CIVIL_PROCEDURE_ACT,Arts. 422-437,https://elaw.klri.re.kr/kor_service/lawViewContent.do?hseq=55220,needs_dev_validation,,0.1.1
S0216,KR_COURT_FINAL_APPEAL,procedure,COURT_LEVEL,KR,none,en,court of final appeal,literal,official_translation,low,1,0,KR_CIVIL_PROCEDURE_ACT,Arts. 422-437,https://elaw.klri.re.kr/kor_service/lawViewContent.do?hseq=55220,needs_dev_validation,Researcher translation candidates are not claims of doctrinal equivalence.,0.1.1
S0217,KR_REVERSAL,procedure,APPELLATE_DISPOSITION,KR,none,ko,파기,literal,source_variant,low,1,0,KR_CIVIL_PROCEDURE_ACT,Art. 436,https://elaw.klri.re.kr/kor_service/lawViewContent.do?hseq=55220,needs_dev_validation,,0.1.1
S0218,KR_REVERSAL,procedure,APPELLATE_DISPOSITION,KR,none,en,reverse,literal,official_translation,low,1,0,KR_CIVIL_PROCEDURE_ACT,Art. 436,https://elaw.klri.re.kr/kor_service/lawViewContent.do?hseq=55220,needs_dev_validation,Researcher translation candidates are not claims of doctrinal equivalence.,0.1.1
S0219,KR_REVERSAL,procedure,APPELLATE_DISPOSITION,KR,none,en,reversal,literal,official_translation_variant,low,1,0,KR_CIVIL_PROCEDURE_ACT,Art. 436,https://elaw.klri.re.kr/kor_service/lawViewContent.do?hseq=55220,needs_dev_validation,Researcher translation candidates are not claims of doctrinal equivalence.,0.1.1
S0220,KR_REMAND,procedure,APPELLATE_DISPOSITION,KR,none,ko,환송,literal,source_variant,low,1,0,KR_CIVIL_PROCEDURE_ACT,Art. 436,https://elaw.klri.re.kr/kor_service/lawViewContent.do?hseq=55220,needs_dev_validation,,0.1.1
S0221,KR_REMAND,procedure,APPELLATE_DISPOSITION,KR,none,en,remand,literal,official_translation,low,1,0,KR_CIVIL_PROCEDURE_ACT,Art. 436,https://elaw.klri.re.kr/kor_service/lawViewContent.do?hseq=55220,needs_dev_validation,Researcher translation candidates are not claims of doctrinal equivalence.,0.1.1
S0222,KR_REVERSAL_REMAND,procedure,APPELLATE_DISPOSITION,KR,none,ko,파기환송,literal,source_variant,low,1,0,KR_CIVIL_PROCEDURE_ACT,Art. 436,https://elaw.klri.re.kr/kor_service/lawViewContent.do?hseq=55220,needs_dev_validation,,0.1.1
S0223,KR_REVERSAL_REMAND,procedure,APPELLATE_DISPOSITION,KR,none,en,remand after reversal,literal,official_translation,low,1,0,KR_CIVIL_PROCEDURE_ACT,Art. 436,https://elaw.klri.re.kr/kor_service/lawViewContent.do?hseq=55220,needs_dev_validation,Researcher translation candidates are not claims of doctrinal equivalence.,0.1.1
S0224,KR_REVERSAL_REMAND,procedure,APPELLATE_DISPOSITION,KR,none,en,reverse and remand,literal,source_variant,low,1,0,KR_CIVIL_PROCEDURE_ACT,Art. 436,https://elaw.klri.re.kr/kor_service/lawViewContent.do?hseq=55220,needs_dev_validation,,0.1.1
S0225,KR_TRANSFER,procedure,APPELLATE_DISPOSITION,KR,none,ko,이송,literal,source_variant,low,1,0,KR_CIVIL_PROCEDURE_ACT,Art. 436,https://elaw.klri.re.kr/kor_service/lawViewContent.do?hseq=55220,needs_dev_validation,,0.1.1
S0226,KR_TRANSFER,procedure,APPELLATE_DISPOSITION,KR,none,en,transfer,literal,official_translation,low,1,0,KR_CIVIL_PROCEDURE_ACT,Art. 436,https://elaw.klri.re.kr/kor_service/lawViewContent.do?hseq=55220,needs_dev_validation,Researcher translation candidates are not claims of doctrinal equivalence.,0.1.1
S0227,KR_PLEADINGS,procedure,PLEADINGS,KR,none,ko,변론,literal,source_variant,low,1,0,KR_CIVIL_PROCEDURE_ACT,Art. 436(2),https://elaw.klri.re.kr/kor_service/lawViewContent.do?hseq=55220,needs_dev_validation,,0.1.1
S0228,KR_PLEADINGS,procedure,PLEADINGS,KR,none,en,pleadings,literal,official_translation,low,1,0,KR_CIVIL_PROCEDURE_ACT,Art. 436(2),https://elaw.klri.re.kr/kor_service/lawViewContent.do?hseq=55220,needs_dev_validation,Researcher translation candidates are not claims of doctrinal equivalence.,0.1.1
S0229,KR_JUDGMENT,procedure,JUDGMENT,KR,none,ko,판결,literal,source_exact,high,0,0,KR_CIVIL_PROCEDURE_ACT,multiple,https://elaw.klri.re.kr/kor_service/lawViewContent.do?hseq=55220,needs_dev_validation,,0.1.1
S0230,KR_JUDGMENT,procedure,JUDGMENT,KR,none,en,judgment,literal,official_translation,high,0,0,KR_CIVIL_PROCEDURE_ACT,multiple,https://elaw.klri.re.kr/kor_service/lawViewContent.do?hseq=55220,needs_dev_validation,Researcher translation candidates are not claims of doctrinal equivalence.,0.1.1
S0231,KR_LITIGATION_RECORD,procedure,RECORD,KR,none,ko,소송기록,literal,source_variant,low,1,0,KR_CIVIL_PROCEDURE_ACT,Art. 421,https://elaw.klri.re.kr/kor_service/lawViewContent.do?hseq=55220,needs_dev_validation,,0.1.1
S0232,KR_LITIGATION_RECORD,procedure,RECORD,KR,none,en,litigation record,literal,official_translation,low,1,0,KR_CIVIL_PROCEDURE_ACT,Art. 421,https://elaw.klri.re.kr/kor_service/lawViewContent.do?hseq=55220,needs_dev_validation,Researcher translation candidates are not claims of doctrinal equivalence.,0.1.1
S0233,KR_GROUNDS_FINAL_APPEAL,procedure,APPELLATE_ARGUMENT,KR,none,ko,상고이유,literal,source_variant,low,1,0,KR_CIVIL_PROCEDURE_ACT,appeal-to-Supreme-Court provisions,https://elaw.klri.re.kr/kor_service/lawViewContent.do?hseq=55220,needs_dev_validation,,0.1.1
S0234,KR_GROUNDS_FINAL_APPEAL,procedure,APPELLATE_ARGUMENT,KR,none,en,grounds for final appeal,literal,official_translation,low,1,0,KR_CIVIL_PROCEDURE_ACT,appeal-to-Supreme-Court provisions,https://elaw.klri.re.kr/kor_service/lawViewContent.do?hseq=55220,needs_dev_validation,Researcher translation candidates are not claims of doctrinal equivalence.,0.1.1
S0235,KR_LITIGATION_COSTS,procedure,COSTS,KR,none,ko,소송비용,literal,source_variant,low,1,0,KR_CIVIL_PROCEDURE_ACT,general provisions,https://elaw.klri.re.kr/kor_service/lawViewContent.do?hseq=55220,needs_dev_validation,,0.1.1
S0236,KR_LITIGATION_COSTS,procedure,COSTS,KR,none,en,litigation costs,literal,researcher_translation_candidate,low,0,0,KR_CIVIL_PROCEDURE_ACT,general provisions,https://elaw.klri.re.kr/kor_service/lawViewContent.do?hseq=55220,needs_dev_validation,Researcher translation candidates are not claims of doctrinal equivalence. Inactive until development-set validation.,0.1.1
S0237,US_APPEAL,procedure,APPEAL,US_GENERIC,none,en,appeal,literal,source_exact,high,0,0,US_COURTS_GLOSSARY,Appeal,https://www.uscourts.gov/glossary,needs_dev_validation,,0.1.1
S0238,US_APPEAL,procedure,APPEAL,US_GENERIC,none,ko,항소,literal,researcher_translation_candidate,low,0,0,US_COURTS_GLOSSARY,Appeal,https://www.uscourts.gov/glossary,needs_dev_validation,Researcher translation candidates are not claims of doctrinal equivalence. Inactive until development-set validation.,0.1.1
S0239,US_APPELLANT,procedure,PARTY_ON_APPEAL,US_GENERIC,none,en,appellant,literal,source_exact,low,1,0,US_COURTS_GLOSSARY,Appellant,https://www.uscourts.gov/glossary,needs_dev_validation,,0.1.1
S0240,US_APPELLANT,procedure,PARTY_ON_APPEAL,US_GENERIC,none,ko,항소인,literal,researcher_translation_candidate,low,0,0,US_COURTS_GLOSSARY,Appellant,https://www.uscourts.gov/glossary,needs_dev_validation,Researcher translation candidates are not claims of doctrinal equivalence. Inactive until development-set validation.,0.1.1
S0241,US_APPELLEE,procedure,PARTY_ON_APPEAL,US_GENERIC,none,en,appellee,literal,source_exact,low,1,0,US_COURTS_GLOSSARY,Appellee,https://www.uscourts.gov/glossary,needs_dev_validation,,0.1.1
S0242,US_APPELLEE,procedure,PARTY_ON_APPEAL,US_GENERIC,none,ko,피항소인,literal,researcher_translation_candidate,low,0,0,US_COURTS_GLOSSARY,Appellee,https://www.uscourts.gov/glossary,needs_dev_validation,Researcher translation candidates are not claims of doctrinal equivalence. Inactive until development-set validation.,0.1.1
S0243,US_APPELLATE_COURT,procedure,COURT_LEVEL,US_GENERIC,none,en,appellate court,literal,source_exact,low,1,0,US_COURTS_GLOSSARY,Appellate,https://www.uscourts.gov/glossary,needs_dev_validation,,0.1.1
S0244,US_APPELLATE_COURT,procedure,COURT_LEVEL,US_GENERIC,none,ko,항소법원,literal,researcher_translation_candidate,low,0,0,US_COURTS_GLOSSARY,Appellate,https://www.uscourts.gov/glossary,needs_dev_validation,Researcher translation candidates are not claims of doctrinal equivalence. Inactive until development-set validation.,0.1.1
S0245,US_LOWER_COURT,procedure,COURT_LEVEL,US_GENERIC,none,en,lower court,literal,source_exact,low,1,0,US_COURTS_GLOSSARY,Appeal/Appellate,https://www.uscourts.gov/glossary,needs_dev_validation,,0.1.1
S0246,US_LOWER_COURT,procedure,COURT_LEVEL,US_GENERIC,none,ko,하급심 법원,literal,researcher_translation_candidate,low,0,0,US_COURTS_GLOSSARY,Appeal/Appellate,https://www.uscourts.gov/glossary,needs_dev_validation,Researcher translation candidates are not claims of doctrinal equivalence. Inactive until development-set validation.,0.1.1
S0247,US_AFFIRMED,procedure,APPELLATE_DISPOSITION,US_GENERIC,none,en,affirmed,literal,source_exact,low,1,0,US_COURTS_GLOSSARY,Affirmed,https://www.uscourts.gov/glossary,needs_dev_validation,,0.1.1
S0248,US_AFFIRMED,procedure,APPELLATE_DISPOSITION,US_GENERIC,none,en,affirm,literal,source_variant,low,1,0,US_COURTS_GLOSSARY,Affirmed,https://www.uscourts.gov/glossary,needs_dev_validation,,0.1.1
S0249,US_AFFIRMED,procedure,APPELLATE_DISPOSITION,US_GENERIC,none,ko,원심 유지,literal,researcher_translation_candidate,low,0,0,US_COURTS_GLOSSARY,Affirmed,https://www.uscourts.gov/glossary,needs_dev_validation,Researcher translation candidates are not claims of doctrinal equivalence. Inactive until development-set validation.,0.1.1
S0250,US_REVERSED,procedure,APPELLATE_DISPOSITION,US_GENERIC,none,en,reversed,literal,source_exact,low,1,0,US_COURTS_GLOSSARY,Reverse,https://www.uscourts.gov/glossary,needs_dev_validation,,0.1.1
S0251,US_REVERSED,procedure,APPELLATE_DISPOSITION,US_GENERIC,none,en,reverse,literal,source_exact,low,1,0,US_COURTS_GLOSSARY,Reverse,https://www.uscourts.gov/glossary,needs_dev_validation,,0.1.1
S0252,US_REVERSED,procedure,APPELLATE_DISPOSITION,US_GENERIC,none,ko,원심 파기,literal,researcher_translation_candidate,low,0,0,US_COURTS_GLOSSARY,Reverse,https://www.uscourts.gov/glossary,needs_dev_validation,Researcher translation candidates are not claims of doctrinal equivalence. Inactive until development-set validation.,0.1.1
S0253,US_REMAND,procedure,APPELLATE_DISPOSITION,US_GENERIC,none,en,remand,literal,source_exact,low,1,0,US_COURTS_GLOSSARY,Remand,https://www.uscourts.gov/glossary,needs_dev_validation,,0.1.1
S0254,US_REMAND,procedure,APPELLATE_DISPOSITION,US_GENERIC,none,en,remanded,literal,source_variant,low,1,0,US_COURTS_GLOSSARY,Remand,https://www.uscourts.gov/glossary,needs_dev_validation,,0.1.1
S0255,US_REMAND,procedure,APPELLATE_DISPOSITION,US_GENERIC,none,ko,환송,literal,researcher_translation_candidate,low,0,0,US_COURTS_GLOSSARY,Remand,https://www.uscourts.gov/glossary,needs_dev_validation,Researcher translation candidates are not claims of doctrinal equivalence. Inactive until development-set validation.,0.1.1
S0256,US_COMPLAINT,procedure,PLEADING_DOCUMENT,US_GENERIC,none,en,complaint,literal,source_exact,low,1,0,US_COURTS_GLOSSARY,Complaint,https://www.uscourts.gov/glossary,needs_dev_validation,,0.1.1
S0257,US_COMPLAINT,procedure,PLEADING_DOCUMENT,US_GENERIC,none,ko,소장,literal,researcher_translation_candidate,low,0,0,US_COURTS_GLOSSARY,Complaint,https://www.uscourts.gov/glossary,needs_dev_validation,Researcher translation candidates are not claims of doctrinal equivalence. Inactive until development-set validation.,0.1.1
S0258,US_ANSWER,procedure,PLEADING_DOCUMENT,US_GENERIC,none,en,answer,literal,source_exact,low,1,0,US_COURTS_GLOSSARY,Answer,https://www.uscourts.gov/glossary,needs_dev_validation,,0.1.1
S0259,US_ANSWER,procedure,PLEADING_DOCUMENT,US_GENERIC,none,ko,답변서,literal,researcher_translation_candidate,low,0,0,US_COURTS_GLOSSARY,Answer,https://www.uscourts.gov/glossary,needs_dev_validation,Researcher translation candidates are not claims of doctrinal equivalence. Inactive until development-set validation.,0.1.1
S0260,US_RECORD,procedure,RECORD,US_GENERIC,none,en,record,literal,source_exact,high,0,0,US_COURTS_GLOSSARY,Record,https://www.uscourts.gov/glossary,needs_dev_validation,,0.1.1
S0261,US_RECORD,procedure,RECORD,US_GENERIC,none,ko,소송기록,literal,researcher_translation_candidate,low,0,0,US_COURTS_GLOSSARY,Record,https://www.uscourts.gov/glossary,needs_dev_validation,Researcher translation candidates are not claims of doctrinal equivalence. Inactive until development-set validation.,0.1.1
S0262,US_MOTION_TO_DISMISS,procedure,MOTION,US_GENERIC,none,en,motion to dismiss,literal,corpus_candidate,low,0,0,DEV_CORPUS,to validate,,needs_dev_validation,Inactive until development-set validation.,0.1.1
S0263,US_MOTION_TO_DISMISS,procedure,MOTION,US_GENERIC,none,ko,기각신청,literal,researcher_translation_candidate,low,0,0,DEV_CORPUS,to validate,,needs_dev_validation,Researcher translation candidates are not claims of doctrinal equivalence. Inactive until development-set validation.,0.1.1
S0264,US_SUMMARY_JUDGMENT,procedure,SUMMARY_JUDGMENT,US_GENERIC,none,en,summary judgment,literal,corpus_candidate,low,0,0,DEV_CORPUS,to validate,,needs_dev_validation,Inactive until development-set validation.,0.1.1
S0265,US_SUMMARY_JUDGMENT,procedure,SUMMARY_JUDGMENT,US_GENERIC,none,ko,약식판결,literal,researcher_translation_candidate,low,0,0,DEV_CORPUS,to validate,,needs_dev_validation,Researcher translation candidates are not claims of doctrinal equivalence. Inactive until development-set validation.,0.1.1
S0266,US_MOTION_SUMMARY_JUDGMENT,procedure,SUMMARY_JUDGMENT,US_GENERIC,none,en,motion for summary judgment,literal,corpus_candidate,low,0,0,DEV_CORPUS,to validate,,needs_dev_validation,Inactive until development-set validation.,0.1.1
S0267,US_MOTION_SUMMARY_JUDGMENT,procedure,SUMMARY_JUDGMENT,US_GENERIC,none,ko,약식판결 신청,literal,researcher_translation_candidate,low,0,0,DEV_CORPUS,to validate,,needs_dev_validation,Researcher translation candidates are not claims of doctrinal equivalence. Inactive until development-set validation.,0.1.1
S0268,US_STANDARD_OF_REVIEW,procedure,STANDARD_OF_REVIEW,US_GENERIC,none,en,standard of review,literal,corpus_candidate,low,0,0,DEV_CORPUS,to validate,,needs_dev_validation,Inactive until development-set validation.,0.1.1
S0269,US_STANDARD_OF_REVIEW,procedure,STANDARD_OF_REVIEW,US_GENERIC,none,ko,심사기준,literal,researcher_translation_candidate,low,0,0,DEV_CORPUS,to validate,,needs_dev_validation,Researcher translation candidates are not claims of doctrinal equivalence. Inactive until development-set validation.,0.1.1
S0270,US_DE_NOVO_REVIEW,procedure,STANDARD_OF_REVIEW,US_GENERIC,none,en,de novo review,literal,corpus_candidate,low,0,0,DEV_CORPUS,to validate,,needs_dev_validation,Inactive until development-set validation.,0.1.1
S0271,US_DE_NOVO_REVIEW,procedure,STANDARD_OF_REVIEW,US_GENERIC,none,en,review de novo,literal,corpus_candidate,low,0,0,DEV_CORPUS,to validate,,needs_dev_validation,Inactive until development-set validation.,0.1.1
S0272,US_DE_NOVO_REVIEW,procedure,STANDARD_OF_REVIEW,US_GENERIC,none,ko,전면적 재심사,literal,researcher_translation_candidate,low,0,0,DEV_CORPUS,to validate,,needs_dev_validation,Researcher translation candidates are not claims of doctrinal equivalence. Inactive until development-set validation.,0.1.1
S0273,US_ABUSE_OF_DISCRETION,procedure,STANDARD_OF_REVIEW,US_GENERIC,none,en,abuse of discretion,literal,corpus_candidate,low,0,0,DEV_CORPUS,to validate,,needs_dev_validation,Inactive until development-set validation.,0.1.1
S0274,US_ABUSE_OF_DISCRETION,procedure,STANDARD_OF_REVIEW,US_GENERIC,none,ko,재량권 남용,literal,researcher_translation_candidate,low,0,0,DEV_CORPUS,to validate,,needs_dev_validation,Researcher translation candidates are not claims of doctrinal equivalence. Inactive until development-set validation.,0.1.1
S0275,US_SUBSTANTIAL_EVIDENCE_REVIEW,procedure,STANDARD_OF_REVIEW,US_GENERIC,none,en,substantial evidence,literal,corpus_candidate,low,0,0,DEV_CORPUS,to validate,,needs_dev_validation,Inactive until development-set validation.,0.1.1
S0276,US_SUBSTANTIAL_EVIDENCE_REVIEW,procedure,STANDARD_OF_REVIEW,US_GENERIC,none,ko,실질적 증거,literal,researcher_translation_candidate,low,0,0,DEV_CORPUS,to validate,,needs_dev_validation,Researcher translation candidates are not claims of doctrinal equivalence. Inactive until development-set validation.,0.1.1
S0277,US_FINAL_JUDGMENT,procedure,JUDGMENT,US_GENERIC,none,en,final judgment,literal,corpus_candidate,low,1,0,DEV_CORPUS,to validate,,needs_dev_validation,Procedure surface retained as a candidate; use a direct procedure source or dev-corpus evidence before freeze.,0.1.1
S0278,US_FINAL_JUDGMENT,procedure,JUDGMENT,US_GENERIC,none,ko,최종판결,literal,researcher_translation_candidate,low,0,0,US_WEX_INJUNCTION,Permanent Injunctions,https://www.law.cornell.edu/wex/injunction,needs_dev_validation,Researcher translation candidates are not claims of doctrinal equivalence. Inactive until development-set validation.,0.1.1
S0279,US_TRIAL,procedure,TRIAL_STAGE,US_GENERIC,none,en,trial,literal,corpus_candidate,high,0,0,DEV_CORPUS,to validate,,needs_dev_validation,Bare 'trial' remains excluded from primary density and requires dev-corpus validation.,0.1.1
S0280,US_TRIAL,procedure,TRIAL_STAGE,US_GENERIC,none,ko,재판,literal,researcher_translation_candidate,high,0,0,US_WEX_NEG_PER_SE,entry,https://www.law.cornell.edu/wex/negligence_per_se,needs_dev_validation,Researcher translation candidates are not claims of doctrinal equivalence. Inactive until development-set validation.,0.1.1
S0281,ARG_ASSERT,party_arg,PARTY_ASSERTION,BOTH,none,ko,"(?:원고(?:들)?|피고(?:들)?|항소인(?:들)?|피항소인(?:들)?|상고인(?:들)?|피상고인(?:들)?|\[(?:PERSON|COMPANY|ORGANIZATION|ENTITY|OTHER)_[A-Z0-9]+\])(?:는|은|가|이)?\s+[^.!?\n。！？]{0,120}?(?:라고\s+)?주장(?:한다|하였다|하고\s+있다|하면서|하므로|하였으나|하나)",regex,corpus_pattern_seed,medium,1,0,DEV_CORPUS,validate on held-out development judgments,,needs_dev_validation,"Sentence-local party-argument pattern; includes plural roles and anonymized party placeholders. Tune only on development data, then freeze.",0.1.1
S0282,ARG_CONTEND,party_arg,PARTY_ASSERTION,BOTH,none,ko,"(?:원고(?:들)?|피고(?:들)?|항소인(?:들)?|피항소인(?:들)?|상고인(?:들)?|피상고인(?:들)?|\[(?:PERSON|COMPANY|ORGANIZATION|ENTITY|OTHER)_[A-Z0-9]+\])(?:는|은|가|이)?\s+[^.!?\n。！？]{0,120}?(?:다툰다|다투었다|다투고\s+있다)",regex,corpus_pattern_seed,medium,1,0,DEV_CORPUS,validate on held-out development judgments,,needs_dev_validation,"Sentence-local party-argument pattern; includes plural roles and anonymized party placeholders. Tune only on development data, then freeze.",0.1.1
S0283,ARG_DEFENSE,party_arg,PARTY_DEFENSE,BOTH,none,ko,"(?:피고(?:들)?|피항소인(?:들)?|피상고인(?:들)?|\[(?:PERSON|COMPANY|ORGANIZATION|ENTITY|OTHER)_[A-Z0-9]+\])(?:는|은|가|이)?\s+[^.!?\n。！？]{0,120}?(?:라고\s+)?항변(?:한다|하였다|하면서|하나)",regex,corpus_pattern_seed,medium,1,0,DEV_CORPUS,validate on held-out development judgments,,needs_dev_validation,"Sentence-local party-argument pattern; includes plural roles and anonymized party placeholders. Tune only on development data, then freeze.",0.1.1
S0284,ARG_ARGUMENT_NOUN,party_arg,PARTY_ARGUMENT_NOUN,BOTH,none,ko,(?:원고(?:들)?|피고(?:들)?|항소인(?:들)?|피항소인(?:들)?|상고인(?:들)?|피상고인(?:들)?|\[(?:PERSON|COMPANY|ORGANIZATION|ENTITY|OTHER)_[A-Z0-9]+\])의\s+(?:위\s+)?(?:주장|항변|입장),regex,corpus_pattern_seed,medium,1,0,DEV_CORPUS,validate on held-out development judgments,,needs_dev_validation,"Sentence-local party-argument pattern; includes plural roles and anonymized party placeholders. Tune only on development data, then freeze.",0.1.1
S0285,ARG_COUNTER,party_arg,PARTY_COUNTERARGUMENT,BOTH,none,ko,"(?:원고(?:들)?|피고(?:들)?|항소인(?:들)?|피항소인(?:들)?|상고인(?:들)?|피상고인(?:들)?|\[(?:PERSON|COMPANY|ORGANIZATION|ENTITY|OTHER)_[A-Z0-9]+\])(?:는|은|가|이)?\s+[^.!?\n。！？]{0,120}?반박(?:한다|하였다)",regex,corpus_pattern_seed,medium,1,0,DEV_CORPUS,validate on held-out development judgments,,needs_dev_validation,"Sentence-local party-argument pattern; includes plural roles and anonymized party placeholders. Tune only on development data, then freeze.",0.1.1
S0286,ARG_DISPUTE,party_arg,PARTY_DISPUTE,BOTH,none,ko,"(?:원고(?:들)?|피고(?:들)?|항소인(?:들)?|피항소인(?:들)?|상고인(?:들)?|피상고인(?:들)?|\[(?:PERSON|COMPANY|ORGANIZATION|ENTITY|OTHER)_[A-Z0-9]+\])(?:는|은|가|이)?\s+[^.!?\n。！？]{0,120}?(?:부인(?:한다|하였다)|다툰다|다투었다|다투고\s+있다)",regex,corpus_pattern_seed,medium,1,0,DEV_CORPUS,validate on held-out development judgments,,needs_dev_validation,"Sentence-local party-argument pattern; includes plural roles and anonymized party placeholders. Tune only on development data, then freeze.",0.1.1
S0287,ARG_CLAIM,party_arg,PARTY_CLAIM,BOTH,none,ko,"(?:원고(?:들)?|항소인(?:들)?|상고인(?:들)?|\[(?:PERSON|COMPANY|ORGANIZATION|ENTITY|OTHER)_[A-Z0-9]+\])(?:는|은|가|이)?\s+[^.!?\n。！？]{0,120}?청구(?:한다|하였다)",regex,corpus_pattern_seed,medium,1,0,DEV_CORPUS,validate on held-out development judgments,,needs_dev_validation,"Sentence-local party-argument pattern; includes plural roles and anonymized party placeholders. Tune only on development data, then freeze.",0.1.1
S0288,ARG_ASSERT,party_arg,PARTY_ASSERTION,BOTH,none,en,(?<![A-Za-z0-9_])(?:plaintiffs?|defendants?|appellants?|appellees?|respondents?|petitioners?|\[(?:PERSON|COMPANY|ORGANIZATION|ENTITY|OTHER)_[A-Z0-9]+\])\s+(?:argues?|argued|asserts?|asserted)\s+that\b,regex,corpus_pattern_seed,medium,1,0,DEV_CORPUS,validate on held-out development judgments,,needs_dev_validation,"Sentence-local party-argument pattern; includes plural roles and anonymized party placeholders. Tune only on development data, then freeze.",0.1.1
S0289,ARG_CONTEND,party_arg,PARTY_ASSERTION,BOTH,none,en,(?<![A-Za-z0-9_])(?:plaintiffs?|defendants?|appellants?|appellees?|respondents?|petitioners?|\[(?:PERSON|COMPANY|ORGANIZATION|ENTITY|OTHER)_[A-Z0-9]+\])\s+(?:contends?|contended)\s+that\b,regex,corpus_pattern_seed,medium,1,0,DEV_CORPUS,validate on held-out development judgments,,needs_dev_validation,"Sentence-local party-argument pattern; includes plural roles and anonymized party placeholders. Tune only on development data, then freeze.",0.1.1
S0290,ARG_ASSERT,party_arg,PARTY_ASSERTION,BOTH,none,en,(?<![A-Za-z0-9_])(?:plaintiffs?|defendants?|appellants?|appellees?|respondents?|petitioners?|\[(?:PERSON|COMPANY|ORGANIZATION|ENTITY|OTHER)_[A-Z0-9]+\])\s+(?:argues?|argued|asserts?|asserted)\s+that\b,regex,corpus_pattern_seed,medium,1,0,DEV_CORPUS,validate on held-out development judgments,,needs_dev_validation,"Sentence-local party-argument pattern; includes plural roles and anonymized party placeholders. Tune only on development data, then freeze.",0.1.1
S0291,ARG_MAINTAIN,party_arg,PARTY_ASSERTION,BOTH,none,en,(?<![A-Za-z0-9_])(?:plaintiffs?|defendants?|appellants?|appellees?|respondents?|petitioners?|\[(?:PERSON|COMPANY|ORGANIZATION|ENTITY|OTHER)_[A-Z0-9]+\])\s+(?:maintains?|maintained)\s+that\b,regex,corpus_pattern_seed,medium,1,0,DEV_CORPUS,validate on held-out development judgments,,needs_dev_validation,"Sentence-local party-argument pattern; includes plural roles and anonymized party placeholders. Tune only on development data, then freeze.",0.1.1
S0292,ARG_ALLEGE,party_arg,PARTY_ALLEGATION,BOTH,none,en,(?<![A-Za-z0-9_])(?:plaintiffs?|defendants?|appellants?|appellees?|respondents?|petitioners?|\[(?:PERSON|COMPANY|ORGANIZATION|ENTITY|OTHER)_[A-Z0-9]+\])\s+(?:alleges?|alleged)\s+that\b,regex,corpus_pattern_seed,medium,1,0,DEV_CORPUS,validate on held-out development judgments,,needs_dev_validation,"Sentence-local party-argument pattern; includes plural roles and anonymized party placeholders. Tune only on development data, then freeze.",0.1.1
S0293,ARG_CLAIM,party_arg,PARTY_CLAIM,BOTH,none,en,(?<![A-Za-z0-9_])(?:plaintiffs?|defendants?|appellants?|appellees?|respondents?|petitioners?|\[(?:PERSON|COMPANY|ORGANIZATION|ENTITY|OTHER)_[A-Z0-9]+\])\s+(?:claims?|claimed)\s+that\b,regex,corpus_pattern_seed,medium,1,0,DEV_CORPUS,validate on held-out development judgments,,needs_dev_validation,"Sentence-local party-argument pattern; includes plural roles and anonymized party placeholders. Tune only on development data, then freeze.",0.1.1
S0294,ARG_COUNTER,party_arg,PARTY_COUNTERARGUMENT,BOTH,none,en,(?<![A-Za-z0-9_])(?:plaintiffs?|defendants?|appellants?|appellees?|respondents?|petitioners?|\[(?:PERSON|COMPANY|ORGANIZATION|ENTITY|OTHER)_[A-Z0-9]+\])\s+(?:counters?|countered)\s+that\b,regex,corpus_pattern_seed,medium,1,0,DEV_CORPUS,validate on held-out development judgments,,needs_dev_validation,"Sentence-local party-argument pattern; includes plural roles and anonymized party placeholders. Tune only on development data, then freeze.",0.1.1
S0295,ARG_ARGUMENT_NOUN,party_arg,PARTY_ARGUMENT_NOUN,BOTH,none,en,(?<![A-Za-z0-9_])(?:plaintiffs?|defendants?|appellants?|appellees?|respondents?|petitioners?|\[(?:PERSON|COMPANY|ORGANIZATION|ENTITY|OTHER)_[A-Z0-9]+\])(?:'s|’s)\s+(?:argument|contention|position|claim|defense)\b,regex,corpus_pattern_seed,medium,1,0,DEV_CORPUS,validate on held-out development judgments,,needs_dev_validation,"Sentence-local party-argument pattern; includes plural roles and anonymized party placeholders. Tune only on development data, then freeze.",0.1.1
S0296,ARG_ASSERT,party_arg,PARTY_ASSERTION,BOTH,none,en,(?<![A-Za-z0-9_])(?:plaintiffs?|defendants?|appellants?|appellees?|respondents?|petitioners?|\[(?:PERSON|COMPANY|ORGANIZATION|ENTITY|OTHER)_[A-Z0-9]+\])\s+(?:argues?|argued|asserts?|asserted)\s+that\b,regex,corpus_pattern_seed,medium,1,0,DEV_CORPUS,validate on held-out development judgments,,needs_dev_validation,"Sentence-local party-argument pattern; includes plural roles and anonymized party placeholders. Tune only on development data, then freeze.",0.1.1
