surface_id,concept_id,language,surface_form,match_type,provenance,source_id,source_locator,ambiguity,primary_include,orientation_include,longest_match_priority,overlap_policy,status,note,version
S0001,KR_TORT_CIVIL_ACT,ko,민법상 불법행위,literal,source_exact,KR_CIVIL_ACT,Art. 750,low,1,1,8,remedy_first_excludes_doctrine,needs_dev_validation,,0.1.1
S0002,KR_TORT_CIVIL_ACT,en,tort liability under the Civil Act,literal,researcher_translation_candidate,KR_CIVIL_ACT,Art. 750,low,0,0,34,remedy_first_excludes_doctrine,needs_dev_validation,Researcher translation candidates are not claims of doctrinal equivalence. Inactive until development-set validation.,0.1.1
S0003,KR_UNLAWFUL_ACT,ko,위법한 행위,literal,source_exact,KR_CIVIL_ACT,Art. 750,low,1,0,6,remedy_first_excludes_doctrine,needs_dev_validation,,0.1.1
S0004,KR_UNLAWFUL_ACT,ko,위법행위,literal,source_variant,KR_CIVIL_ACT,Art. 750,low,1,0,4,remedy_first_excludes_doctrine,needs_dev_validation,,0.1.1
S0005,KR_UNLAWFUL_ACT,en,unlawful act,literal,official_translation,KR_CIVIL_ACT,Art. 750,low,1,0,12,remedy_first_excludes_doctrine,needs_dev_validation,Researcher translation candidates are not claims of doctrinal equivalence.,0.1.1
S0006,KR_INTENT_OR_NEGLIGENCE,ko,고의 또는 과실,literal,source_exact,KR_CIVIL_ACT,Art. 750,low,1,0,8,remedy_first_excludes_doctrine,needs_dev_validation,,0.1.1
S0007,KR_INTENT_OR_NEGLIGENCE,en,intentionally or negligently,literal,official_translation,KR_CIVIL_ACT,Art. 750,low,1,0,28,remedy_first_excludes_doctrine,needs_dev_validation,Researcher translation candidates are not claims of doctrinal equivalence.,0.1.1
S0008,KR_INTENT_OR_NEGLIGENCE,en,wilfully or negligently,literal,official_translation_variant,KR_CIVIL_ACT,Art. 750,low,1,0,23,remedy_first_excludes_doctrine,needs_dev_validation,Researcher translation candidates are not claims of doctrinal equivalence.,0.1.1
S0009,KR_SUPERVISOR_LIABILITY,ko,감독자책임,literal,source_variant,KR_CIVIL_ACT,Art. 755,low,1,0,5,remedy_first_excludes_doctrine,needs_dev_validation,,0.1.1
S0010,KR_SUPERVISOR_LIABILITY,ko,감독의무,literal,source_variant,KR_CIVIL_ACT,Art. 755,low,1,0,4,remedy_first_excludes_doctrine,needs_dev_validation,,0.1.1
S0011,KR_SUPERVISOR_LIABILITY,en,supervisor's liability,literal,official_translation,KR_CIVIL_ACT,Art. 755,low,1,0,22,remedy_first_excludes_doctrine,needs_dev_validation,Researcher translation candidates are not claims of doctrinal equivalence.,0.1.1
S0012,KR_SUPERVISOR_LIABILITY,en,legal duty to supervise,literal,official_translation,KR_CIVIL_ACT,Art. 755,low,1,0,23,remedy_first_excludes_doctrine,needs_dev_validation,Researcher translation candidates are not claims of doctrinal equivalence.,0.1.1
S0013,KR_EMPLOYER_LIABILITY,ko,사용자의 배상책임,literal,source_exact,KR_CIVIL_ACT,Art. 756,low,1,0,9,remedy_first_excludes_doctrine,needs_dev_validation,,0.1.1
S0014,KR_EMPLOYER_LIABILITY,ko,사용자책임,literal,source_variant,KR_CIVIL_ACT,Art. 756,low,1,0,5,remedy_first_excludes_doctrine,needs_dev_validation,,0.1.1
S0015,KR_EMPLOYER_LIABILITY,en,employer's liability for compensation,literal,official_translation,KR_CIVIL_ACT,Art. 756,low,1,0,37,remedy_first_excludes_doctrine,needs_dev_validation,Researcher translation candidates are not claims of doctrinal equivalence.,0.1.1
S0016,KR_EMPLOYER_LIABILITY,en,employer's liability for damages,literal,official_translation_variant,KR_CIVIL_ACT,Art. 756,low,1,0,32,remedy_first_excludes_doctrine,needs_dev_validation,Researcher translation candidates are not claims of doctrinal equivalence.,0.1.1
S0017,KR_JOINT_TORT,ko,공동불법행위,literal,source_exact,KR_CIVIL_ACT,Art. 760,low,1,1,6,remedy_first_excludes_doctrine,needs_dev_validation,,0.1.1
S0018,KR_JOINT_TORT,en,joint torts,literal,official_translation_candidate,KR_CIVIL_ACT,Art. 760,low,0,0,11,remedy_first_excludes_doctrine,needs_dev_validation,Researcher translation candidates are not claims of doctrinal equivalence. Inactive until development-set validation.,0.1.1
S0019,KR_RIGHT_OF_REIMBURSEMENT,ko,구상권,literal,source_exact,KR_CIVIL_ACT,Art. 756(3),low,1,0,3,remedy_first_excludes_doctrine,needs_dev_validation,,0.1.1
S0020,KR_RIGHT_OF_REIMBURSEMENT,en,right to obtain reimbursement,literal,official_translation,KR_CIVIL_ACT,Art. 756(3),low,1,0,29,remedy_first_excludes_doctrine,needs_dev_validation,Researcher translation candidates are not claims of doctrinal equivalence.,0.1.1
S0021,KR_RIGHT_OF_REIMBURSEMENT,en,right of reimbursement,literal,source_variant,KR_CIVIL_ACT,Art. 756(3),low,1,0,22,remedy_first_excludes_doctrine,needs_dev_validation,,0.1.1
S0022,KR_ADEQUATE_CAUSATION,ko,상당인과관계,literal,source_exact,KR_SC_CAUSATION_2015,2015Da210194,low,1,1,6,remedy_first_excludes_doctrine,needs_dev_validation,,0.1.1
S0023,KR_ADEQUATE_CAUSATION,en,adequate causal relationship,literal,researcher_translation_candidate,KR_SC_CAUSATION_2015,2015Da210194,low,0,0,28,remedy_first_excludes_doctrine,needs_dev_validation,Researcher translation candidates are not claims of doctrinal equivalence. Inactive until development-set validation.,0.1.1
S0024,KR_ADEQUATE_CAUSATION,en,adequate causation,literal,researcher_translation_candidate,KR_SC_CAUSATION_2015,2015Da210194,low,0,0,18,remedy_first_excludes_doctrine,needs_dev_validation,Researcher translation candidates are not claims of doctrinal equivalence. Inactive until development-set validation.,0.1.1
S0025,KR_CONTRIBUTORY_FAULT_SET_OFF,ko,과실상계,literal,source_exact,KR_SC_FAULT_2022,case summary,low,1,1,4,remedy_first_excludes_doctrine,needs_dev_validation,,0.1.1
S0026,KR_CONTRIBUTORY_FAULT_SET_OFF,en,set-off of negligence,literal,researcher_translation_candidate,KR_SC_FAULT_2022,case summary,low,0,0,21,remedy_first_excludes_doctrine,needs_dev_validation,Researcher translation candidates are not claims of doctrinal equivalence. Inactive until development-set validation.,0.1.1
S0027,KR_CONTRIBUTORY_FAULT_SET_OFF,en,comparative fault set-off,literal,researcher_translation_candidate,KR_SC_FAULT_2022,case summary,low,0,0,25,remedy_first_excludes_doctrine,needs_dev_validation,Researcher translation candidates are not claims of doctrinal equivalence. Inactive until development-set validation.,0.1.1
S0028,KR_LIABILITY_LIMITATION,ko,책임제한,literal,source_exact,KR_SC_FAULT_2022,case summary,low,1,0,4,remedy_first_excludes_doctrine,needs_dev_validation,,0.1.1
S0029,KR_LIABILITY_LIMITATION,ko,손해배상책임을 제한,literal,source_variant,KR_SC_FAULT_2022,case summary,low,1,0,10,remedy_first_excludes_doctrine,needs_dev_validation,,0.1.1
S0030,KR_LIABILITY_LIMITATION,en,limitation of liability,literal,researcher_translation_candidate,KR_SC_FAULT_2022,case summary,low,0,0,23,remedy_first_excludes_doctrine,needs_dev_validation,Researcher translation candidates are not claims of doctrinal equivalence. Inactive until development-set validation.,0.1.1
S0031,KR_PRODUCT_LIABILITY,ko,제조물책임,literal,source_exact,KR_PRODUCT_LIABILITY_ACT,Art. 3,low,1,0,5,remedy_first_excludes_doctrine,needs_dev_validation,,0.1.1
S0032,KR_PRODUCT_LIABILITY,ko,제조물 책임,literal,source_variant,KR_PRODUCT_LIABILITY_ACT,Art. 3,low,1,0,6,remedy_first_excludes_doctrine,needs_dev_validation,,0.1.1
S0033,KR_PRODUCT_LIABILITY,en,product liability,literal,official_translation,KR_PRODUCT_LIABILITY_ACT,Art. 3,low,1,0,17,remedy_first_excludes_doctrine,needs_dev_validation,Researcher translation candidates are not claims of doctrinal equivalence.,0.1.1
S0034,KR_MANUFACTURING_DEFECT,ko,제조상의 결함,literal,source_exact,KR_PRODUCT_LIABILITY_ACT,Art. 2(2)(a),low,1,0,7,remedy_first_excludes_doctrine,needs_dev_validation,,0.1.1
S0035,KR_MANUFACTURING_DEFECT,en,defect in manufacturing,literal,official_translation,KR_PRODUCT_LIABILITY_ACT,Art. 2(2)(a),low,1,0,23,remedy_first_excludes_doctrine,needs_dev_validation,Researcher translation candidates are not claims of doctrinal equivalence.,0.1.1
S0036,KR_DESIGN_DEFECT,ko,설계상의 결함,literal,source_exact,KR_PRODUCT_LIABILITY_ACT,Art. 2(2)(b),low,1,0,7,remedy_first_excludes_doctrine,needs_dev_validation,,0.1.1
S0037,KR_DESIGN_DEFECT,en,defect in design,literal,official_translation,KR_PRODUCT_LIABILITY_ACT,Art. 2(2)(b),low,1,0,16,remedy_first_excludes_doctrine,needs_dev_validation,Researcher translation candidates are not claims of doctrinal equivalence.,0.1.1
S0038,KR_INDICATION_DEFECT,ko,표시상의 결함,literal,source_exact,KR_PRODUCT_LIABILITY_ACT,Art. 2(2)(c),low,1,0,7,remedy_first_excludes_doctrine,needs_dev_validation,,0.1.1
S0039,KR_INDICATION_DEFECT,en,defect in indication,literal,official_translation,KR_PRODUCT_LIABILITY_ACT,Art. 2(2)(c),low,1,0,20,remedy_first_excludes_doctrine,needs_dev_validation,Researcher translation candidates are not claims of doctrinal equivalence.,0.1.1
S0040,KR_REASONABLE_ALTERNATIVE_DESIGN,ko,합리적인 대체설계,literal,source_exact,KR_PRODUCT_LIABILITY_ACT,Art. 2(2)(b),low,1,0,9,remedy_first_excludes_doctrine,needs_dev_validation,,0.1.1
S0041,KR_REASONABLE_ALTERNATIVE_DESIGN,en,reasonable alternative design,literal,official_translation,KR_PRODUCT_LIABILITY_ACT,Art. 2(2)(b),low,1,0,29,remedy_first_excludes_doctrine,needs_dev_validation,Researcher translation candidates are not claims of doctrinal equivalence.,0.1.1
S0042,KR_EXPECTED_PRODUCT_SAFETY,ko,통상적으로 기대할 수 있는 안전성,literal,source_exact,KR_PRODUCT_LIABILITY_ACT,Art. 2(2),low,1,0,18,remedy_first_excludes_doctrine,needs_dev_validation,,0.1.1
S0043,KR_EXPECTED_PRODUCT_SAFETY,en,safety ordinarily expected of a product,literal,official_translation,KR_PRODUCT_LIABILITY_ACT,Art. 2(2),low,1,0,39,remedy_first_excludes_doctrine,needs_dev_validation,Researcher translation candidates are not claims of doctrinal equivalence.,0.1.1
S0044,US_NEGLIGENCE,en,negligence,literal,source_exact,US_WEX_NEGLIGENCE,entry,low,1,0,10,remedy_first_excludes_doctrine,needs_dev_validation,,0.1.1
S0045,US_NEGLIGENCE,ko,과실책임,literal,researcher_translation_candidate,US_WEX_NEGLIGENCE,entry,low,0,0,4,remedy_first_excludes_doctrine,needs_dev_validation,Researcher translation candidates are not claims of doctrinal equivalence. Inactive until development-set validation.,0.1.1
S0046,US_DUTY_OF_CARE,en,duty of care,literal,source_exact,US_WEX_NEGLIGENCE,Legal Duty of Care,low,1,0,12,remedy_first_excludes_doctrine,needs_dev_validation,,0.1.1
S0047,US_DUTY_OF_CARE,ko,주의의무,literal,researcher_translation_candidate,US_WEX_NEGLIGENCE,Legal Duty of Care,low,0,0,4,remedy_first_excludes_doctrine,needs_dev_validation,Researcher translation candidates are not claims of doctrinal equivalence. Inactive until development-set validation.,0.1.1
S0048,US_BREACH_OF_DUTY,en,breach of duty,literal,source_exact,US_WEX_NEGLIGENCE,Breach of Duty of Care,low,1,0,14,remedy_first_excludes_doctrine,needs_dev_validation,,0.1.1
S0049,US_BREACH_OF_DUTY,ko,주의의무 위반,literal,researcher_translation_candidate,US_WEX_NEGLIGENCE,Breach of Duty of Care,low,0,0,7,remedy_first_excludes_doctrine,needs_dev_validation,Researcher translation candidates are not claims of doctrinal equivalence. Inactive until development-set validation.,0.1.1
S0050,US_REASONABLE_PERSON,en,reasonable person,literal,source_exact,US_WEX_NEGLIGENCE,Legal Duty of Care,low,1,0,17,remedy_first_excludes_doctrine,needs_dev_validation,,0.1.1
S0051,US_REASONABLE_PERSON,ko,합리적 사람,literal,researcher_translation_candidate,US_WEX_NEGLIGENCE,Legal Duty of Care,low,0,0,6,remedy_first_excludes_doctrine,needs_dev_validation,Researcher translation candidates are not claims of doctrinal equivalence. Inactive until development-set validation.,0.1.1
S0052,US_REASONABLE_CARE,en,reasonable care,literal,source_exact,US_WEX_NEGLIGENCE,entry,low,1,0,15,remedy_first_excludes_doctrine,needs_dev_validation,,0.1.1
S0053,US_REASONABLE_CARE,ko,합리적인 주의,literal,researcher_translation_candidate,US_WEX_NEGLIGENCE,entry,low,0,0,7,remedy_first_excludes_doctrine,needs_dev_validation,Researcher translation candidates are not claims of doctrinal equivalence. Inactive until development-set validation.,0.1.1
S0054,US_FORESEEABILITY,en,foreseeability,literal,source_exact,US_WEX_NEGLIGENCE,entry,low,1,0,14,remedy_first_excludes_doctrine,needs_dev_validation,,0.1.1
S0055,US_FORESEEABILITY,en,foreseeable,literal,source_exact,US_WEX_NEGLIGENCE,entry,low,1,0,11,remedy_first_excludes_doctrine,needs_dev_validation,,0.1.1
S0056,US_FORESEEABILITY,ko,예견가능성,literal,researcher_translation_candidate,US_WEX_NEGLIGENCE,entry,low,0,0,5,remedy_first_excludes_doctrine,needs_dev_validation,Researcher translation candidates are not claims of doctrinal equivalence. Inactive until development-set validation.,0.1.1
S0057,US_PROXIMATE_CAUSE,en,proximate cause,literal,source_exact,US_WEX_PROXIMATE_CAUSE,entry,low,1,1,15,remedy_first_excludes_doctrine,needs_dev_validation,,0.1.1
S0058,US_PROXIMATE_CAUSE,en,proximate causation,literal,source_variant,US_WEX_PROXIMATE_CAUSE,entry,low,1,1,19,remedy_first_excludes_doctrine,needs_dev_validation,,0.1.1
S0059,US_PROXIMATE_CAUSE,ko,근접원인,literal,researcher_translation_candidate,US_WEX_PROXIMATE_CAUSE,entry,low,0,0,4,remedy_first_excludes_doctrine,needs_dev_validation,Researcher translation candidates are not claims of doctrinal equivalence. Inactive until development-set validation.,0.1.1
S0060,US_PROXIMATE_CAUSE,ko,근인,literal,researcher_translation_candidate,US_WEX_PROXIMATE_CAUSE,entry,low,0,0,2,remedy_first_excludes_doctrine,needs_dev_validation,Researcher translation candidates are not claims of doctrinal equivalence. Inactive until development-set validation.,0.1.1
S0061,US_PROXIMATE_CAUSE,ko,법적 인과관계,literal,researcher_translation_candidate,US_WEX_PROXIMATE_CAUSE,entry,low,0,0,7,remedy_first_excludes_doctrine,needs_dev_validation,Researcher translation candidates are not claims of doctrinal equivalence. Inactive until development-set validation.,0.1.1
S0062,US_CAUSE_IN_FACT,en,cause in fact,literal,source_exact,US_WEX_NEGLIGENCE,Cause-In-Fact,low,1,1,13,remedy_first_excludes_doctrine,needs_dev_validation,,0.1.1
S0063,US_CAUSE_IN_FACT,en,cause-in-fact,literal,source_exact,US_WEX_NEGLIGENCE,Cause-In-Fact,low,1,1,13,remedy_first_excludes_doctrine,needs_dev_validation,,0.1.1
S0064,US_CAUSE_IN_FACT,ko,사실적 인과관계,literal,researcher_translation_candidate,US_WEX_NEGLIGENCE,Cause-In-Fact,low,0,0,8,remedy_first_excludes_doctrine,needs_dev_validation,Researcher translation candidates are not claims of doctrinal equivalence. Inactive until development-set validation.,0.1.1
S0065,US_BUT_FOR_CAUSATION,en,but-for causation,literal,source_variant,US_WEX_NEGLIGENCE,Cause-In-Fact,low,1,0,17,remedy_first_excludes_doctrine,needs_dev_validation,,0.1.1
S0066,US_BUT_FOR_CAUSATION,en,but for causation,literal,source_variant,US_WEX_NEGLIGENCE,Cause-In-Fact,low,1,0,17,remedy_first_excludes_doctrine,needs_dev_validation,,0.1.1
S0067,US_BUT_FOR_CAUSATION,en,but-for test,literal,source_variant,US_WEX_NEGLIGENCE,Cause-In-Fact,low,1,0,12,remedy_first_excludes_doctrine,needs_dev_validation,,0.1.1
S0068,US_BUT_FOR_CAUSATION,ko,but-for 인과관계,literal,researcher_translation_candidate,US_WEX_NEGLIGENCE,Cause-In-Fact,low,0,0,12,remedy_first_excludes_doctrine,needs_dev_validation,Researcher translation candidates are not claims of doctrinal equivalence. Inactive until development-set validation.,0.1.1
S0069,US_SUBSTANTIAL_FACTOR,en,substantial factor test,literal,source_exact,US_WEX_PROXIMATE_CAUSE,entry,low,1,0,23,remedy_first_excludes_doctrine,needs_dev_validation,,0.1.1
S0070,US_SUBSTANTIAL_FACTOR,en,substantial factor,literal,source_exact,US_WEX_PROXIMATE_CAUSE,entry,low,1,0,18,remedy_first_excludes_doctrine,needs_dev_validation,,0.1.1
S0071,US_SUBSTANTIAL_FACTOR,ko,실질적 요인,literal,researcher_translation_candidate,US_WEX_PROXIMATE_CAUSE,entry,low,0,0,6,remedy_first_excludes_doctrine,needs_dev_validation,Researcher translation candidates are not claims of doctrinal equivalence. Inactive until development-set validation.,0.1.1
S0072,US_SUPERSEDING_CAUSE,en,superseding cause,literal,source_exact,US_WEX_PROXIMATE_CAUSE,entry,low,1,1,17,remedy_first_excludes_doctrine,needs_dev_validation,,0.1.1
S0073,US_SUPERSEDING_CAUSE,ko,초월적 개입원인,literal,researcher_translation_candidate,US_WEX_PROXIMATE_CAUSE,entry,low,0,0,8,remedy_first_excludes_doctrine,needs_dev_validation,Researcher translation candidates are not claims of doctrinal equivalence. Inactive until development-set validation.,0.1.1
S0074,US_INTERVENING_CAUSE,en,intervening cause,literal,source_variant,US_WEX_NEGLIGENCE,Proximate Cause,low,1,1,17,remedy_first_excludes_doctrine,needs_dev_validation,,0.1.1
S0075,US_INTERVENING_CAUSE,en,intervening factor,literal,source_exact,US_WEX_NEGLIGENCE,Proximate Cause,low,1,1,18,remedy_first_excludes_doctrine,needs_dev_validation,,0.1.1
S0076,US_INTERVENING_CAUSE,ko,개입원인,literal,researcher_translation_candidate,US_WEX_NEGLIGENCE,Proximate Cause,low,0,0,4,remedy_first_excludes_doctrine,needs_dev_validation,Researcher translation candidates are not claims of doctrinal equivalence. Inactive until development-set validation.,0.1.1
S0077,US_NEGLIGENCE_PER_SE,en,negligence per se,literal,source_exact,US_WEX_NEG_PER_SE,entry,low,1,1,17,remedy_first_excludes_doctrine,needs_dev_validation,,0.1.1
S0078,US_NEGLIGENCE_PER_SE,ko,법규위반에 의한 과실,literal,researcher_translation_candidate,US_WEX_NEG_PER_SE,entry,low,0,0,11,remedy_first_excludes_doctrine,needs_dev_validation,Researcher translation candidates are not claims of doctrinal equivalence. Inactive until development-set validation.,0.1.1
S0079,US_COMPARATIVE_NEGLIGENCE,en,comparative negligence,literal,source_exact,US_WEX_COMPARATIVE,entry,low,1,1,22,remedy_first_excludes_doctrine,needs_dev_validation,,0.1.1
S0080,US_COMPARATIVE_NEGLIGENCE,en,comparative fault,literal,source_variant,US_WEX_COMPARATIVE,entry,low,1,1,17,remedy_first_excludes_doctrine,needs_dev_validation,,0.1.1
S0081,US_COMPARATIVE_NEGLIGENCE,ko,비교과실,literal,researcher_translation_candidate,US_WEX_COMPARATIVE,entry,low,0,0,4,remedy_first_excludes_doctrine,needs_dev_validation,Researcher translation candidates are not claims of doctrinal equivalence. Inactive until development-set validation.,0.1.1
S0082,US_PURE_COMPARATIVE_NEGLIGENCE,en,pure comparative negligence,literal,source_exact,US_WEX_COMPARATIVE,Pure Comparative Negligence,low,1,1,27,remedy_first_excludes_doctrine,needs_dev_validation,,0.1.1
S0083,US_PURE_COMPARATIVE_NEGLIGENCE,en,pure comparative fault,literal,source_variant,US_WEX_COMPARATIVE,Pure Comparative Negligence,low,1,1,22,remedy_first_excludes_doctrine,needs_dev_validation,,0.1.1
S0084,US_PURE_COMPARATIVE_NEGLIGENCE,ko,순수 비교과실,literal,researcher_translation_candidate,US_WEX_COMPARATIVE,Pure Comparative Negligence,low,0,0,7,remedy_first_excludes_doctrine,needs_dev_validation,Researcher translation candidates are not claims of doctrinal equivalence. Inactive until development-set validation.,0.1.1
S0085,US_MODIFIED_COMPARATIVE_NEGLIGENCE,en,modified comparative negligence,literal,source_exact,US_WEX_COMPARATIVE,Modified Comparative Negligence,low,1,1,31,remedy_first_excludes_doctrine,needs_dev_validation,,0.1.1
S0086,US_MODIFIED_COMPARATIVE_NEGLIGENCE,en,modified comparative fault,literal,source_variant,US_WEX_COMPARATIVE,Modified Comparative Negligence,low,1,1,26,remedy_first_excludes_doctrine,needs_dev_validation,,0.1.1
S0087,US_MODIFIED_COMPARATIVE_NEGLIGENCE,ko,수정 비교과실,literal,researcher_translation_candidate,US_WEX_COMPARATIVE,Modified Comparative Negligence,low,0,0,7,remedy_first_excludes_doctrine,needs_dev_validation,Researcher translation candidates are not claims of doctrinal equivalence. Inactive until development-set validation.,0.1.1
S0088,US_CONTRIBUTORY_NEGLIGENCE,en,contributory negligence,literal,source_exact,US_WEX_COMPARATIVE,Contributory Negligence,low,1,1,23,remedy_first_excludes_doctrine,needs_dev_validation,,0.1.1
S0089,US_CONTRIBUTORY_NEGLIGENCE,ko,기여과실,literal,researcher_translation_candidate,US_WEX_COMPARATIVE,Contributory Negligence,low,0,0,4,remedy_first_excludes_doctrine,needs_dev_validation,Researcher translation candidates are not claims of doctrinal equivalence. Inactive until development-set validation.,0.1.1
S0090,US_VICARIOUS_LIABILITY,en,vicarious liability,literal,source_exact,US_WEX_VICARIOUS,entry,low,1,0,19,remedy_first_excludes_doctrine,needs_dev_validation,,0.1.1
S0091,US_VICARIOUS_LIABILITY,en,imputed liability,literal,source_exact,US_WEX_VICARIOUS,entry,low,1,0,17,remedy_first_excludes_doctrine,needs_dev_validation,,0.1.1
S0092,US_VICARIOUS_LIABILITY,ko,대위책임,literal,researcher_translation_candidate,US_WEX_VICARIOUS,entry,low,0,0,4,remedy_first_excludes_doctrine,needs_dev_validation,Researcher translation candidates are not claims of doctrinal equivalence. Inactive until development-set validation.,0.1.1
S0093,US_RESPONDEAT_SUPERIOR,en,respondeat superior,literal,source_exact,US_WEX_VICARIOUS,entry,low,1,1,19,remedy_first_excludes_doctrine,needs_dev_validation,,0.1.1
S0094,US_RESPONDEAT_SUPERIOR,ko,respondeat superior 원칙,literal,researcher_translation_candidate,US_WEX_VICARIOUS,entry,low,0,0,22,remedy_first_excludes_doctrine,needs_dev_validation,Researcher translation candidates are not claims of doctrinal equivalence. Inactive until development-set validation.,0.1.1
S0095,US_STRICT_LIABILITY,en,strict liability,literal,source_exact,US_WEX_STRICT,entry,low,1,0,16,remedy_first_excludes_doctrine,needs_dev_validation,,0.1.1
S0096,US_STRICT_LIABILITY,ko,엄격책임,literal,researcher_translation_candidate,US_WEX_STRICT,entry,low,0,0,4,remedy_first_excludes_doctrine,needs_dev_validation,Researcher translation candidates are not claims of doctrinal equivalence. Inactive until development-set validation.,0.1.1
S0097,US_STRICT_PRODUCTS_LIABILITY,en,strict products liability,literal,source_exact,US_WEX_STRICT,Tort Law section,low,1,1,25,remedy_first_excludes_doctrine,needs_dev_validation,,0.1.1
S0098,US_STRICT_PRODUCTS_LIABILITY,en,strict product liability,literal,source_variant,US_WEX_STRICT,Tort Law section,low,1,1,24,remedy_first_excludes_doctrine,needs_dev_validation,,0.1.1
S0099,US_STRICT_PRODUCTS_LIABILITY,ko,엄격 제조물책임,literal,researcher_translation_candidate,US_WEX_STRICT,Tort Law section,low,0,0,8,remedy_first_excludes_doctrine,needs_dev_validation,Researcher translation candidates are not claims of doctrinal equivalence. Inactive until development-set validation.,0.1.1
S0100,US_PRODUCT_LIABILITY,en,product liability,literal,source_exact,US_WEX_PRODUCT,entry,low,1,0,17,remedy_first_excludes_doctrine,needs_dev_validation,,0.1.1
S0101,US_PRODUCT_LIABILITY,ko,제조물책임,literal,researcher_translation_candidate,US_WEX_PRODUCT,entry,low,0,0,5,remedy_first_excludes_doctrine,needs_dev_validation,Researcher translation candidates are not claims of doctrinal equivalence. Inactive until development-set validation.,0.1.1
S0102,US_MANUFACTURING_DEFECT,en,manufacturing defect,literal,source_exact,US_WEX_PRODUCT,entry,low,1,0,20,remedy_first_excludes_doctrine,needs_dev_validation,,0.1.1
S0103,US_MANUFACTURING_DEFECT,ko,제조결함,literal,researcher_translation_candidate,US_WEX_PRODUCT,entry,low,0,0,4,remedy_first_excludes_doctrine,needs_dev_validation,Researcher translation candidates are not claims of doctrinal equivalence. Inactive until development-set validation.,0.1.1
S0104,US_DESIGN_DEFECT,en,design defect,literal,source_exact,US_WEX_PRODUCT,entry,low,1,0,13,remedy_first_excludes_doctrine,needs_dev_validation,,0.1.1
S0105,US_DESIGN_DEFECT,ko,설계결함,literal,researcher_translation_candidate,US_WEX_PRODUCT,entry,low,0,0,4,remedy_first_excludes_doctrine,needs_dev_validation,Researcher translation candidates are not claims of doctrinal equivalence. Inactive until development-set validation.,0.1.1
S0106,US_FAILURE_TO_WARN,en,failure to warn,literal,corpus_candidate,DEV_CORPUS,to validate,low,1,0,15,remedy_first_excludes_doctrine,needs_dev_validation,"Concept is retained, but this exact surface form must be verified in held-out U.S. development judgments.",0.1.1
S0107,US_FAILURE_TO_WARN,en,inadequate warning,literal,source_exact,US_WEX_PRODUCT,marketing defect,low,1,0,18,remedy_first_excludes_doctrine,needs_dev_validation,,0.1.1
S0108,US_FAILURE_TO_WARN,en,marketing defect,literal,source_exact,US_WEX_PRODUCT,marketing defect,low,1,0,16,remedy_first_excludes_doctrine,needs_dev_validation,,0.1.1
S0109,US_FAILURE_TO_WARN,ko,경고의무 위반,literal,researcher_translation_candidate,US_WEX_PRODUCT,marketing defect,low,0,0,7,remedy_first_excludes_doctrine,needs_dev_validation,Researcher translation candidates are not claims of doctrinal equivalence. Inactive until development-set validation.,0.1.1
S0110,US_CONSUMER_EXPECTATION_TEST,en,consumer expectation standard,literal,source_exact,US_WEX_PRODUCT,consumer expectation standard,low,1,1,29,remedy_first_excludes_doctrine,needs_dev_validation,,0.1.1
S0111,US_CONSUMER_EXPECTATION_TEST,en,consumer expectation test,literal,source_variant,US_WEX_PRODUCT,consumer expectation standard,low,1,1,25,remedy_first_excludes_doctrine,needs_dev_validation,,0.1.1
S0112,US_CONSUMER_EXPECTATION_TEST,ko,소비자 기대 기준,literal,researcher_translation_candidate,US_WEX_PRODUCT,consumer expectation standard,low,0,0,9,remedy_first_excludes_doctrine,needs_dev_validation,Researcher translation candidates are not claims of doctrinal equivalence. Inactive until development-set validation.,0.1.1
S0113,US_RISK_UTILITY_TEST,en,risk-utility standard,literal,source_exact,US_WEX_PRODUCT,risk-utility standard,low,1,1,21,remedy_first_excludes_doctrine,needs_dev_validation,,0.1.1
S0114,US_RISK_UTILITY_TEST,en,risk-utility test,literal,source_variant,US_WEX_PRODUCT,risk-utility standard,low,1,1,17,remedy_first_excludes_doctrine,needs_dev_validation,,0.1.1
S0115,US_RISK_UTILITY_TEST,ko,위험-효용 기준,literal,researcher_translation_candidate,US_WEX_PRODUCT,risk-utility standard,low,0,0,8,remedy_first_excludes_doctrine,needs_dev_validation,Researcher translation candidates are not claims of doctrinal equivalence. Inactive until development-set validation.,0.1.1
S0116,US_ABNORMALLY_DANGEROUS_ACTIVITY,en,abnormally dangerous activities,literal,source_exact,US_WEX_STRICT,Tort Law section,low,1,1,31,remedy_first_excludes_doctrine,needs_dev_validation,,0.1.1
S0117,US_ABNORMALLY_DANGEROUS_ACTIVITY,en,abnormally dangerous activity,literal,source_variant,US_WEX_STRICT,Tort Law section,low,1,1,29,remedy_first_excludes_doctrine,needs_dev_validation,,0.1.1
S0118,US_ABNORMALLY_DANGEROUS_ACTIVITY,ko,비정상적으로 위험한 활동,literal,researcher_translation_candidate,US_WEX_STRICT,Tort Law section,low,0,0,13,remedy_first_excludes_doctrine,needs_dev_validation,Researcher translation candidates are not claims of doctrinal equivalence. Inactive until development-set validation.,0.1.1
S0119,KR_COMPENSATION_FOR_DAMAGES,ko,손해배상,literal,source_exact,KR_CIVIL_ACT,Arts. 750-752,high,0,0,4,remedy_first_excludes_doctrine,needs_dev_validation,,0.1.1
S0120,KR_COMPENSATION_FOR_DAMAGES,en,compensation for damages,literal,official_translation,KR_CIVIL_ACT,Arts. 750-752,low,1,0,24,remedy_first_excludes_doctrine,needs_dev_validation,Researcher translation candidates are not claims of doctrinal equivalence.,0.1.1
S0121,KR_NON_ECONOMIC_DAMAGES,ko,비재산적 손해,literal,source_variant,KR_CIVIL_ACT,Art. 751,low,1,0,7,remedy_first_excludes_doctrine,needs_dev_validation,,0.1.1
S0122,KR_NON_ECONOMIC_DAMAGES,en,non-economic damages,literal,official_translation,KR_CIVIL_ACT,Art. 751,low,1,0,20,remedy_first_excludes_doctrine,needs_dev_validation,Researcher translation candidates are not claims of doctrinal equivalence.,0.1.1
S0123,KR_MENTAL_ANGUISH,ko,정신적 고통,literal,source_exact,KR_CIVIL_ACT,Art. 751,low,1,0,6,remedy_first_excludes_doctrine,needs_dev_validation,,0.1.1
S0124,KR_MENTAL_ANGUISH,ko,정신적 손해,literal,source_variant,KR_CIVIL_ACT,Art. 751,low,1,0,6,remedy_first_excludes_doctrine,needs_dev_validation,,0.1.1
S0125,KR_MENTAL_ANGUISH,en,mental anguish,literal,official_translation,KR_CIVIL_ACT,Art. 751,low,1,0,14,remedy_first_excludes_doctrine,needs_dev_validation,Researcher translation candidates are not claims of doctrinal equivalence.,0.1.1
S0126,KR_CONSOLATION_MONEY,ko,위자료,literal,source_exact,KR_CIVIL_ACT,Art. 752,low,1,0,3,remedy_first_excludes_doctrine,needs_dev_validation,,0.1.1
S0127,KR_CONSOLATION_MONEY,en,consolation money,literal,official_translation,KR_CIVIL_ACT,Art. 752,low,1,0,17,remedy_first_excludes_doctrine,needs_dev_validation,Researcher translation candidates are not claims of doctrinal equivalence.,0.1.1
S0128,KR_PERIODICAL_COMPENSATION,ko,정기금 배상,literal,source_variant,KR_CIVIL_ACT,Art. 751(2),low,1,0,6,remedy_first_excludes_doctrine,needs_dev_validation,,0.1.1
S0129,KR_PERIODICAL_COMPENSATION,en,periodical payments,literal,official_translation,KR_CIVIL_ACT,Art. 751(2),low,1,0,19,remedy_first_excludes_doctrine,needs_dev_validation,Researcher translation candidates are not claims of doctrinal equivalence.,0.1.1
S0130,KR_LOST_INCOME,ko,일실수입,literal,source_exact,KR_SC_DAMAGES_2022,press release,low,1,0,4,remedy_first_excludes_doctrine,needs_dev_validation,,0.1.1
S0131,KR_LOST_INCOME,en,lost income,literal,researcher_translation_candidate,KR_SC_DAMAGES_2022,press release,low,0,0,11,remedy_first_excludes_doctrine,needs_dev_validation,Researcher translation candidates are not claims of doctrinal equivalence. Inactive until development-set validation.,0.1.1
S0132,KR_LOST_PROFITS,ko,일실이익,literal,corpus_candidate,DEV_CORPUS,to validate,low,0,0,4,remedy_first_excludes_doctrine,needs_dev_validation,Inactive until development-set validation.,0.1.1
S0133,KR_LOST_PROFITS,en,lost profits,literal,researcher_translation_candidate,DEV_CORPUS,to validate,low,0,0,12,remedy_first_excludes_doctrine,needs_dev_validation,Researcher translation candidates are not claims of doctrinal equivalence. Inactive until development-set validation.,0.1.1
S0134,KR_MEDICAL_EXPENSES,ko,치료비,literal,corpus_candidate,DEV_CORPUS,to validate,low,0,0,3,remedy_first_excludes_doctrine,needs_dev_validation,Inactive until development-set validation.,0.1.1
S0135,KR_MEDICAL_EXPENSES,en,medical expenses,literal,researcher_translation_candidate,DEV_CORPUS,to validate,low,0,0,16,remedy_first_excludes_doctrine,needs_dev_validation,Researcher translation candidates are not claims of doctrinal equivalence. Inactive until development-set validation.,0.1.1
S0136,KR_FUTURE_MEDICAL_EXPENSES,ko,향후치료비,literal,corpus_candidate,DEV_CORPUS,to validate,low,0,0,5,remedy_first_excludes_doctrine,needs_dev_validation,Inactive until development-set validation.,0.1.1
S0137,KR_FUTURE_MEDICAL_EXPENSES,ko,향후 치료비,literal,corpus_candidate,DEV_CORPUS,to validate,low,0,0,6,remedy_first_excludes_doctrine,needs_dev_validation,Inactive until development-set validation.,0.1.1
S0138,KR_FUTURE_MEDICAL_EXPENSES,en,future medical expenses,literal,researcher_translation_candidate,DEV_CORPUS,to validate,low,0,0,23,remedy_first_excludes_doctrine,needs_dev_validation,Researcher translation candidates are not claims of doctrinal equivalence. Inactive until development-set validation.,0.1.1
S0139,KR_CARE_EXPENSES,ko,개호비,literal,corpus_candidate,DEV_CORPUS,to validate,low,0,0,3,remedy_first_excludes_doctrine,needs_dev_validation,Inactive until development-set validation.,0.1.1
S0140,KR_CARE_EXPENSES,en,care expenses,literal,researcher_translation_candidate,DEV_CORPUS,to validate,low,0,0,13,remedy_first_excludes_doctrine,needs_dev_validation,Researcher translation candidates are not claims of doctrinal equivalence. Inactive until development-set validation.,0.1.1
S0141,KR_FUNERAL_EXPENSES,ko,장례비,literal,corpus_candidate,DEV_CORPUS,to validate,low,0,0,3,remedy_first_excludes_doctrine,needs_dev_validation,Inactive until development-set validation.,0.1.1
S0142,KR_FUNERAL_EXPENSES,en,funeral expenses,literal,researcher_translation_candidate,DEV_CORPUS,to validate,low,0,0,16,remedy_first_excludes_doctrine,needs_dev_validation,Researcher translation candidates are not claims of doctrinal equivalence. Inactive until development-set validation.,0.1.1
S0143,KR_PROPERTY_DAMAGE,ko,재산상 손해,literal,source_variant,KR_CIVIL_ACT,Art. 750,low,1,0,6,remedy_first_excludes_doctrine,needs_dev_validation,,0.1.1
S0144,KR_PROPERTY_DAMAGE,en,property damage,literal,researcher_translation_candidate,KR_CIVIL_ACT,Art. 750,low,0,0,15,remedy_first_excludes_doctrine,needs_dev_validation,Researcher translation candidates are not claims of doctrinal equivalence. Inactive until development-set validation.,0.1.1
S0145,KR_TREBLE_PRODUCT_DAMAGES,ko,3배 이내,literal,source_variant,KR_PRODUCT_LIABILITY_ACT,Art. 3(2),low,1,0,5,remedy_first_excludes_doctrine,needs_dev_validation,,0.1.1
S0146,KR_TREBLE_PRODUCT_DAMAGES,ko,세 배,literal,source_variant,KR_PRODUCT_LIABILITY_ACT,Art. 3(2),low,1,0,3,remedy_first_excludes_doctrine,needs_dev_validation,,0.1.1
S0147,KR_TREBLE_PRODUCT_DAMAGES,en,up to three times the damage,literal,official_translation,KR_PRODUCT_LIABILITY_ACT,Art. 3(2),low,1,0,28,remedy_first_excludes_doctrine,needs_dev_validation,Researcher translation candidates are not claims of doctrinal equivalence.,0.1.1
S0148,KR_REPUTATION_RESTORATION,ko,명예회복에 적당한 처분,literal,source_exact,KR_CIVIL_ACT,Art. 764,low,1,0,12,remedy_first_excludes_doctrine,needs_dev_validation,,0.1.1
S0149,KR_REPUTATION_RESTORATION,en,measures appropriate for repairing the injured party's reputation,literal,official_translation,KR_CIVIL_ACT,Art. 764,low,1,0,65,remedy_first_excludes_doctrine,needs_dev_validation,Researcher translation candidates are not claims of doctrinal equivalence.,0.1.1
S0150,KR_REDUCTION_COMPENSATION_AMOUNT,ko,배상액의 감액,literal,source_exact,KR_CIVIL_ACT,Art. 765,low,1,0,7,remedy_first_excludes_doctrine,needs_dev_validation,,0.1.1
S0151,KR_REDUCTION_COMPENSATION_AMOUNT,ko,손해배상액 감액,literal,source_variant,KR_CIVIL_ACT,Art. 765,low,1,0,8,remedy_first_excludes_doctrine,needs_dev_validation,,0.1.1
S0152,KR_REDUCTION_COMPENSATION_AMOUNT,en,reduction in compensation amount,literal,official_translation,KR_CIVIL_ACT,Art. 765,low,1,0,32,remedy_first_excludes_doctrine,needs_dev_validation,Researcher translation candidates are not claims of doctrinal equivalence.,0.1.1
S0153,US_DAMAGES,en,damages,literal,source_exact,US_WEX_DAMAGES,entry,high,0,0,7,remedy_first_excludes_doctrine,needs_dev_validation,,0.1.1
S0154,US_DAMAGES,ko,손해배상,literal,researcher_translation_candidate,US_WEX_DAMAGES,entry,high,0,0,4,remedy_first_excludes_doctrine,needs_dev_validation,Researcher translation candidates are not claims of doctrinal equivalence. Inactive until development-set validation.,0.1.1
S0155,US_COMPENSATORY_DAMAGES,en,compensatory damages,literal,source_exact,US_WEX_COMPENSATORY,entry,low,1,0,20,remedy_first_excludes_doctrine,needs_dev_validation,,0.1.1
S0156,US_COMPENSATORY_DAMAGES,ko,전보적 손해배상,literal,researcher_translation_candidate,US_WEX_COMPENSATORY,entry,low,0,0,8,remedy_first_excludes_doctrine,needs_dev_validation,Researcher translation candidates are not claims of doctrinal equivalence. Inactive until development-set validation.,0.1.1
S0157,US_COMPENSATORY_DAMAGES,ko,보상적 손해배상,literal,researcher_translation_candidate,US_WEX_COMPENSATORY,entry,low,0,0,8,remedy_first_excludes_doctrine,needs_dev_validation,Researcher translation candidates are not claims of doctrinal equivalence. Inactive until development-set validation.,0.1.1
S0158,US_ACTUAL_DAMAGES,en,actual damages,literal,source_exact,US_WEX_COMPENSATORY,entry,low,1,0,14,remedy_first_excludes_doctrine,needs_dev_validation,,0.1.1
S0159,US_ACTUAL_DAMAGES,ko,실제 손해배상,literal,researcher_translation_candidate,US_WEX_COMPENSATORY,entry,low,0,0,7,remedy_first_excludes_doctrine,needs_dev_validation,Researcher translation candidates are not claims of doctrinal equivalence. Inactive until development-set validation.,0.1.1
S0160,US_ECONOMIC_DAMAGES,en,economic damages,literal,corpus_candidate,DEV_CORPUS,to validate,low,1,0,16,remedy_first_excludes_doctrine,needs_dev_validation,Surface form retained as a candidate; verify in held-out U.S. development judgments.,0.1.1
S0161,US_ECONOMIC_DAMAGES,ko,경제적 손해,literal,researcher_translation_candidate,US_WEX_DAMAGES,entry,low,0,0,6,remedy_first_excludes_doctrine,needs_dev_validation,Researcher translation candidates are not claims of doctrinal equivalence. Inactive until development-set validation.,0.1.1
S0162,US_NONECONOMIC_DAMAGES,en,noneconomic damages,literal,source_variant,US_WEX_DAMAGES,entry,low,1,0,19,remedy_first_excludes_doctrine,needs_dev_validation,,0.1.1
S0163,US_NONECONOMIC_DAMAGES,en,non-economic damages,literal,source_variant,US_WEX_DAMAGES,entry,low,1,0,20,remedy_first_excludes_doctrine,needs_dev_validation,,0.1.1
S0164,US_NONECONOMIC_DAMAGES,ko,비경제적 손해,literal,researcher_translation_candidate,US_WEX_DAMAGES,entry,low,0,0,7,remedy_first_excludes_doctrine,needs_dev_validation,Researcher translation candidates are not claims of doctrinal equivalence. Inactive until development-set validation.,0.1.1
S0165,US_PUNITIVE_DAMAGES,en,punitive damages,literal,source_exact,US_WEX_PUNITIVE,entry,low,1,0,16,remedy_first_excludes_doctrine,needs_dev_validation,,0.1.1
S0166,US_PUNITIVE_DAMAGES,ko,징벌적 손해배상,literal,researcher_translation_candidate,US_WEX_PUNITIVE,entry,low,0,0,8,remedy_first_excludes_doctrine,needs_dev_validation,Researcher translation candidates are not claims of doctrinal equivalence. Inactive until development-set validation.,0.1.1
S0167,US_EXEMPLARY_DAMAGES,en,exemplary damages,literal,source_variant,US_WEX_PUNITIVE,synonym candidate,low,1,0,17,remedy_first_excludes_doctrine,needs_dev_validation,,0.1.1
S0168,US_EXEMPLARY_DAMAGES,ko,징벌적 손해배상,literal,researcher_translation_candidate,US_WEX_PUNITIVE,synonym candidate,low,0,0,8,remedy_first_excludes_doctrine,needs_dev_validation,Researcher translation candidates are not claims of doctrinal equivalence. Inactive until development-set validation.,0.1.1
S0169,US_NOMINAL_DAMAGES,en,nominal damages,literal,source_exact,US_WEX_NOMINAL,entry,low,1,0,15,remedy_first_excludes_doctrine,needs_dev_validation,,0.1.1
S0170,US_NOMINAL_DAMAGES,ko,명목상 손해배상,literal,researcher_translation_candidate,US_WEX_NOMINAL,entry,low,0,0,8,remedy_first_excludes_doctrine,needs_dev_validation,Researcher translation candidates are not claims of doctrinal equivalence. Inactive until development-set validation.,0.1.1
S0171,US_MEDICAL_EXPENSES,en,medical expenses,literal,source_variant,US_WEX_DAMAGES,related medical-care loss terminology; exact 'medical expenses' requires dev validation,low,1,0,16,remedy_first_excludes_doctrine,needs_dev_validation,Not treated as an exact Wex quotation; validate surface form in the development corpus.,0.1.1
S0172,US_MEDICAL_EXPENSES,ko,치료비,literal,researcher_translation_candidate,US_WEX_DAMAGES,tort losses,low,0,0,3,remedy_first_excludes_doctrine,needs_dev_validation,Researcher translation candidates are not claims of doctrinal equivalence. Inactive until development-set validation.,0.1.1
S0173,US_MEDICAL_EXPENSES,ko,의료비,literal,researcher_translation_candidate,US_WEX_DAMAGES,tort losses,low,0,0,3,remedy_first_excludes_doctrine,needs_dev_validation,Researcher translation candidates are not claims of doctrinal equivalence. Inactive until development-set validation.,0.1.1
S0174,US_FUTURE_MEDICAL_EXPENSES,en,future medical expenses,literal,corpus_candidate,DEV_CORPUS,to validate,low,0,0,23,remedy_first_excludes_doctrine,needs_dev_validation,Inactive until development-set validation.,0.1.1
S0175,US_FUTURE_MEDICAL_EXPENSES,ko,향후 치료비,literal,researcher_translation_candidate,DEV_CORPUS,to validate,low,0,0,6,remedy_first_excludes_doctrine,needs_dev_validation,Researcher translation candidates are not claims of doctrinal equivalence. Inactive until development-set validation.,0.1.1
S0176,US_PROPERTY_DAMAGE,en,property damage,literal,source_exact,US_WEX_DAMAGES,tort losses,low,1,0,15,remedy_first_excludes_doctrine,needs_dev_validation,,0.1.1
S0177,US_PROPERTY_DAMAGE,ko,재산 손해,literal,researcher_translation_candidate,US_WEX_DAMAGES,tort losses,low,0,0,5,remedy_first_excludes_doctrine,needs_dev_validation,Researcher translation candidates are not claims of doctrinal equivalence. Inactive until development-set validation.,0.1.1
S0178,US_LOST_WAGES,en,lost wages,literal,source_exact,US_WEX_DAMAGES,tort losses,low,1,0,10,remedy_first_excludes_doctrine,needs_dev_validation,,0.1.1
S0179,US_LOST_WAGES,ko,임금 손실,literal,researcher_translation_candidate,US_WEX_DAMAGES,tort losses,low,0,0,5,remedy_first_excludes_doctrine,needs_dev_validation,Researcher translation candidates are not claims of doctrinal equivalence. Inactive until development-set validation.,0.1.1
S0180,US_LOST_EARNINGS,en,lost earnings,literal,source_variant,US_WEX_COMPENSATORY,related lost-wages/income terminology; exact 'lost earnings' requires dev validation,low,1,0,13,remedy_first_excludes_doctrine,needs_dev_validation,Not treated as an exact Wex quotation; validate surface form in the development corpus.,0.1.1
S0181,US_LOST_EARNINGS,ko,상실 수입,literal,researcher_translation_candidate,US_WEX_COMPENSATORY,entry,low,0,0,5,remedy_first_excludes_doctrine,needs_dev_validation,Researcher translation candidates are not claims of doctrinal equivalence. Inactive until development-set validation.,0.1.1
S0182,US_LOSS_EARNING_CAPACITY,en,loss of earning capacity,literal,corpus_candidate,DEV_CORPUS,to validate,low,0,0,24,remedy_first_excludes_doctrine,needs_dev_validation,Inactive until development-set validation.,0.1.1
S0183,US_LOSS_EARNING_CAPACITY,ko,노동능력 상실에 따른 수입 손실,literal,researcher_translation_candidate,DEV_CORPUS,to validate,low,0,0,17,remedy_first_excludes_doctrine,needs_dev_validation,Researcher translation candidates are not claims of doctrinal equivalence. Inactive until development-set validation.,0.1.1
S0184,US_PAIN_AND_SUFFERING,en,pain and suffering,literal,source_exact,US_WEX_DAMAGES,tort losses,low,1,0,18,remedy_first_excludes_doctrine,needs_dev_validation,,0.1.1
S0185,US_PAIN_AND_SUFFERING,ko,통증과 고통,literal,researcher_translation_candidate,US_WEX_DAMAGES,tort losses,low,0,0,6,remedy_first_excludes_doctrine,needs_dev_validation,Researcher translation candidates are not claims of doctrinal equivalence. Inactive until development-set validation.,0.1.1
S0186,US_EMOTIONAL_DISTRESS_DAMAGES,en,emotional distress,literal,source_exact,US_WEX_COMPENSATORY,entry,low,1,0,18,remedy_first_excludes_doctrine,needs_dev_validation,,0.1.1
S0187,US_EMOTIONAL_DISTRESS_DAMAGES,en,emotional distress damages,literal,source_variant,US_WEX_COMPENSATORY,entry,low,1,0,26,remedy_first_excludes_doctrine,needs_dev_validation,,0.1.1
S0188,US_EMOTIONAL_DISTRESS_DAMAGES,ko,정신적 고통에 대한 손해배상,literal,researcher_translation_candidate,US_WEX_COMPENSATORY,entry,low,0,0,15,remedy_first_excludes_doctrine,needs_dev_validation,Researcher translation candidates are not claims of doctrinal equivalence. Inactive until development-set validation.,0.1.1
S0189,US_TREBLE_DAMAGES,en,treble damages,literal,source_exact,US_WEX_DAMAGES,entry,low,1,0,14,remedy_first_excludes_doctrine,needs_dev_validation,,0.1.1
S0190,US_TREBLE_DAMAGES,ko,3배 손해배상,literal,researcher_translation_candidate,US_WEX_DAMAGES,entry,low,0,0,7,remedy_first_excludes_doctrine,needs_dev_validation,Researcher translation candidates are not claims of doctrinal equivalence. Inactive until development-set validation.,0.1.1
S0191,US_RESTITUTION,en,restitution,literal,source_exact,US_WEX_DAMAGES,entry,low,1,0,11,remedy_first_excludes_doctrine,needs_dev_validation,,0.1.1
S0192,US_RESTITUTION,ko,부당이득 반환,literal,researcher_translation_candidate,US_WEX_DAMAGES,entry,low,0,0,7,remedy_first_excludes_doctrine,needs_dev_validation,Researcher translation candidates are not claims of doctrinal equivalence. Inactive until development-set validation.,0.1.1
S0193,US_INJUNCTION,en,injunction,literal,source_exact,US_WEX_INJUNCTION,entry,low,1,0,10,remedy_first_excludes_doctrine,needs_dev_validation,,0.1.1
S0194,US_INJUNCTION,ko,금지명령,literal,researcher_translation_candidate,US_WEX_INJUNCTION,entry,low,0,0,4,remedy_first_excludes_doctrine,needs_dev_validation,Researcher translation candidates are not claims of doctrinal equivalence. Inactive until development-set validation.,0.1.1
S0195,US_PRELIMINARY_INJUNCTION,en,preliminary injunction,literal,source_exact,US_WEX_INJUNCTION,entry,low,1,0,22,remedy_first_excludes_doctrine,needs_dev_validation,,0.1.1
S0196,US_PRELIMINARY_INJUNCTION,ko,예비적 금지명령,literal,researcher_translation_candidate,US_WEX_INJUNCTION,entry,low,0,0,8,remedy_first_excludes_doctrine,needs_dev_validation,Researcher translation candidates are not claims of doctrinal equivalence. Inactive until development-set validation.,0.1.1
S0197,US_PERMANENT_INJUNCTION,en,permanent injunction,literal,source_exact,US_WEX_INJUNCTION,entry,low,1,0,20,remedy_first_excludes_doctrine,needs_dev_validation,,0.1.1
S0198,US_PERMANENT_INJUNCTION,ko,영구적 금지명령,literal,researcher_translation_candidate,US_WEX_INJUNCTION,entry,low,0,0,8,remedy_first_excludes_doctrine,needs_dev_validation,Researcher translation candidates are not claims of doctrinal equivalence. Inactive until development-set validation.,0.1.1
S0199,US_TEMPORARY_RESTRAINING_ORDER,en,temporary restraining order,literal,source_exact,US_WEX_INJUNCTION,entry,low,1,0,27,remedy_first_excludes_doctrine,needs_dev_validation,,0.1.1
S0200,US_TEMPORARY_RESTRAINING_ORDER,en,TRO,literal,source_variant,US_WEX_INJUNCTION,entry,low,1,0,3,remedy_first_excludes_doctrine,needs_dev_validation,,0.1.1
S0201,US_TEMPORARY_RESTRAINING_ORDER,ko,임시제한명령,literal,researcher_translation_candidate,US_WEX_INJUNCTION,entry,low,0,0,6,remedy_first_excludes_doctrine,needs_dev_validation,Researcher translation candidates are not claims of doctrinal equivalence. Inactive until development-set validation.,0.1.1
S0202,KR_FIRST_INSTANCE,ko,제1심,literal,source_exact,KR_CIVIL_PROCEDURE_ACT,first-instance provisions,low,1,0,3,independent_dimension,needs_dev_validation,,0.1.1
S0203,KR_FIRST_INSTANCE,ko,1심,literal,source_variant,KR_CIVIL_PROCEDURE_ACT,first-instance provisions,low,1,0,2,independent_dimension,needs_dev_validation,,0.1.1
S0204,KR_FIRST_INSTANCE,en,court of first instance,literal,official_translation,KR_CIVIL_PROCEDURE_ACT,first-instance provisions,low,1,0,23,independent_dimension,needs_dev_validation,Researcher translation candidates are not claims of doctrinal equivalence.,0.1.1
S0205,KR_FIRST_INSTANCE,en,first instance,literal,official_translation,KR_CIVIL_PROCEDURE_ACT,first-instance provisions,low,1,0,14,independent_dimension,needs_dev_validation,Researcher translation candidates are not claims of doctrinal equivalence.,0.1.1
S0206,KR_ORIGINAL_COURT,ko,원심,literal,source_variant,KR_CIVIL_PROCEDURE_ACT,Art. 436,low,1,0,2,independent_dimension,needs_dev_validation,,0.1.1
S0207,KR_ORIGINAL_COURT,en,original court,literal,official_translation,KR_CIVIL_PROCEDURE_ACT,Art. 436,low,1,0,14,independent_dimension,needs_dev_validation,Researcher translation candidates are not claims of doctrinal equivalence.,0.1.1
S0208,KR_APPEAL,ko,항소,literal,source_exact,KR_CIVIL_PROCEDURE_ACT,appeal provisions,low,1,0,2,independent_dimension,needs_dev_validation,,0.1.1
S0209,KR_APPEAL,en,appeal,literal,official_translation,KR_CIVIL_PROCEDURE_ACT,appeal provisions,high,0,0,6,independent_dimension,needs_dev_validation,Researcher translation candidates are not claims of doctrinal equivalence.,0.1.1
S0210,KR_APPELLATE_COURT,ko,항소심,literal,source_variant,KR_CIVIL_PROCEDURE_ACT,Arts. 390-418,low,1,0,3,independent_dimension,needs_dev_validation,,0.1.1
S0211,KR_APPELLATE_COURT,en,court of appeals,literal,official_translation,KR_CIVIL_PROCEDURE_ACT,Arts. 390-418,low,1,0,16,independent_dimension,needs_dev_validation,Researcher translation candidates are not claims of doctrinal equivalence.,0.1.1
S0212,KR_FINAL_APPEAL,ko,상고,literal,source_exact,KR_CIVIL_PROCEDURE_ACT,Arts. 422-437,low,1,0,2,independent_dimension,needs_dev_validation,,0.1.1
S0213,KR_FINAL_APPEAL,en,appeal to the Supreme Court,literal,official_translation,KR_CIVIL_PROCEDURE_ACT,Arts. 422-437,low,1,0,27,independent_dimension,needs_dev_validation,Researcher translation candidates are not claims of doctrinal equivalence.,0.1.1
S0214,KR_FINAL_APPEAL,en,final appeal,literal,official_translation_variant,KR_CIVIL_PROCEDURE_ACT,Arts. 422-437,low,1,0,12,independent_dimension,needs_dev_validation,Researcher translation candidates are not claims of doctrinal equivalence.,0.1.1
S0215,KR_COURT_FINAL_APPEAL,ko,상고심,literal,source_variant,KR_CIVIL_PROCEDURE_ACT,Arts. 422-437,low,1,0,3,independent_dimension,needs_dev_validation,,0.1.1
S0216,KR_COURT_FINAL_APPEAL,en,court of final appeal,literal,official_translation,KR_CIVIL_PROCEDURE_ACT,Arts. 422-437,low,1,0,21,independent_dimension,needs_dev_validation,Researcher translation candidates are not claims of doctrinal equivalence.,0.1.1
S0217,KR_REVERSAL,ko,파기,literal,source_variant,KR_CIVIL_PROCEDURE_ACT,Art. 436,low,1,0,2,independent_dimension,needs_dev_validation,,0.1.1
S0218,KR_REVERSAL,en,reverse,literal,official_translation,KR_CIVIL_PROCEDURE_ACT,Art. 436,low,1,0,7,independent_dimension,needs_dev_validation,Researcher translation candidates are not claims of doctrinal equivalence.,0.1.1
S0219,KR_REVERSAL,en,reversal,literal,official_translation_variant,KR_CIVIL_PROCEDURE_ACT,Art. 436,low,1,0,8,independent_dimension,needs_dev_validation,Researcher translation candidates are not claims of doctrinal equivalence.,0.1.1
S0220,KR_REMAND,ko,환송,literal,source_variant,KR_CIVIL_PROCEDURE_ACT,Art. 436,low,1,0,2,independent_dimension,needs_dev_validation,,0.1.1
S0221,KR_REMAND,en,remand,literal,official_translation,KR_CIVIL_PROCEDURE_ACT,Art. 436,low,1,0,6,independent_dimension,needs_dev_validation,Researcher translation candidates are not claims of doctrinal equivalence.,0.1.1
S0222,KR_REVERSAL_REMAND,ko,파기환송,literal,source_variant,KR_CIVIL_PROCEDURE_ACT,Art. 436,low,1,0,4,independent_dimension,needs_dev_validation,,0.1.1
S0223,KR_REVERSAL_REMAND,en,remand after reversal,literal,official_translation,KR_CIVIL_PROCEDURE_ACT,Art. 436,low,1,0,21,independent_dimension,needs_dev_validation,Researcher translation candidates are not claims of doctrinal equivalence.,0.1.1
S0224,KR_REVERSAL_REMAND,en,reverse and remand,literal,source_variant,KR_CIVIL_PROCEDURE_ACT,Art. 436,low,1,0,18,independent_dimension,needs_dev_validation,,0.1.1
S0225,KR_TRANSFER,ko,이송,literal,source_variant,KR_CIVIL_PROCEDURE_ACT,Art. 436,low,1,0,2,independent_dimension,needs_dev_validation,,0.1.1
S0226,KR_TRANSFER,en,transfer,literal,official_translation,KR_CIVIL_PROCEDURE_ACT,Art. 436,low,1,0,8,independent_dimension,needs_dev_validation,Researcher translation candidates are not claims of doctrinal equivalence.,0.1.1
S0227,KR_PLEADINGS,ko,변론,literal,source_variant,KR_CIVIL_PROCEDURE_ACT,Art. 436(2),low,1,0,2,independent_dimension,needs_dev_validation,,0.1.1
S0228,KR_PLEADINGS,en,pleadings,literal,official_translation,KR_CIVIL_PROCEDURE_ACT,Art. 436(2),low,1,0,9,independent_dimension,needs_dev_validation,Researcher translation candidates are not claims of doctrinal equivalence.,0.1.1
S0229,KR_JUDGMENT,ko,판결,literal,source_exact,KR_CIVIL_PROCEDURE_ACT,multiple,high,0,0,2,independent_dimension,needs_dev_validation,,0.1.1
S0230,KR_JUDGMENT,en,judgment,literal,official_translation,KR_CIVIL_PROCEDURE_ACT,multiple,high,0,0,8,independent_dimension,needs_dev_validation,Researcher translation candidates are not claims of doctrinal equivalence.,0.1.1
S0231,KR_LITIGATION_RECORD,ko,소송기록,literal,source_variant,KR_CIVIL_PROCEDURE_ACT,Art. 421,low,1,0,4,independent_dimension,needs_dev_validation,,0.1.1
S0232,KR_LITIGATION_RECORD,en,litigation record,literal,official_translation,KR_CIVIL_PROCEDURE_ACT,Art. 421,low,1,0,17,independent_dimension,needs_dev_validation,Researcher translation candidates are not claims of doctrinal equivalence.,0.1.1
S0233,KR_GROUNDS_FINAL_APPEAL,ko,상고이유,literal,source_variant,KR_CIVIL_PROCEDURE_ACT,appeal-to-Supreme-Court provisions,low,1,0,4,independent_dimension,needs_dev_validation,,0.1.1
S0234,KR_GROUNDS_FINAL_APPEAL,en,grounds for final appeal,literal,official_translation,KR_CIVIL_PROCEDURE_ACT,appeal-to-Supreme-Court provisions,low,1,0,24,independent_dimension,needs_dev_validation,Researcher translation candidates are not claims of doctrinal equivalence.,0.1.1
S0235,KR_LITIGATION_COSTS,ko,소송비용,literal,source_variant,KR_CIVIL_PROCEDURE_ACT,general provisions,low,1,0,4,independent_dimension,needs_dev_validation,,0.1.1
S0236,KR_LITIGATION_COSTS,en,litigation costs,literal,researcher_translation_candidate,KR_CIVIL_PROCEDURE_ACT,general provisions,low,0,0,16,independent_dimension,needs_dev_validation,Researcher translation candidates are not claims of doctrinal equivalence. Inactive until development-set validation.,0.1.1
S0237,US_APPEAL,en,appeal,literal,source_exact,US_COURTS_GLOSSARY,Appeal,high,0,0,6,independent_dimension,needs_dev_validation,,0.1.1
S0238,US_APPEAL,ko,항소,literal,researcher_translation_candidate,US_COURTS_GLOSSARY,Appeal,low,0,0,2,independent_dimension,needs_dev_validation,Researcher translation candidates are not claims of doctrinal equivalence. Inactive until development-set validation.,0.1.1
S0239,US_APPELLANT,en,appellant,literal,source_exact,US_COURTS_GLOSSARY,Appellant,low,1,0,9,independent_dimension,needs_dev_validation,,0.1.1
S0240,US_APPELLANT,ko,항소인,literal,researcher_translation_candidate,US_COURTS_GLOSSARY,Appellant,low,0,0,3,independent_dimension,needs_dev_validation,Researcher translation candidates are not claims of doctrinal equivalence. Inactive until development-set validation.,0.1.1
S0241,US_APPELLEE,en,appellee,literal,source_exact,US_COURTS_GLOSSARY,Appellee,low,1,0,8,independent_dimension,needs_dev_validation,,0.1.1
S0242,US_APPELLEE,ko,피항소인,literal,researcher_translation_candidate,US_COURTS_GLOSSARY,Appellee,low,0,0,4,independent_dimension,needs_dev_validation,Researcher translation candidates are not claims of doctrinal equivalence. Inactive until development-set validation.,0.1.1
S0243,US_APPELLATE_COURT,en,appellate court,literal,source_exact,US_COURTS_GLOSSARY,Appellate,low,1,0,15,independent_dimension,needs_dev_validation,,0.1.1
S0244,US_APPELLATE_COURT,ko,항소법원,literal,researcher_translation_candidate,US_COURTS_GLOSSARY,Appellate,low,0,0,4,independent_dimension,needs_dev_validation,Researcher translation candidates are not claims of doctrinal equivalence. Inactive until development-set validation.,0.1.1
S0245,US_LOWER_COURT,en,lower court,literal,source_exact,US_COURTS_GLOSSARY,Appeal/Appellate,low,1,0,11,independent_dimension,needs_dev_validation,,0.1.1
S0246,US_LOWER_COURT,ko,하급심 법원,literal,researcher_translation_candidate,US_COURTS_GLOSSARY,Appeal/Appellate,low,0,0,6,independent_dimension,needs_dev_validation,Researcher translation candidates are not claims of doctrinal equivalence. Inactive until development-set validation.,0.1.1
S0247,US_AFFIRMED,en,affirmed,literal,source_exact,US_COURTS_GLOSSARY,Affirmed,low,1,0,8,independent_dimension,needs_dev_validation,,0.1.1
S0248,US_AFFIRMED,en,affirm,literal,source_variant,US_COURTS_GLOSSARY,Affirmed,low,1,0,6,independent_dimension,needs_dev_validation,,0.1.1
S0249,US_AFFIRMED,ko,원심 유지,literal,researcher_translation_candidate,US_COURTS_GLOSSARY,Affirmed,low,0,0,5,independent_dimension,needs_dev_validation,Researcher translation candidates are not claims of doctrinal equivalence. Inactive until development-set validation.,0.1.1
S0250,US_REVERSED,en,reversed,literal,source_exact,US_COURTS_GLOSSARY,Reverse,low,1,0,8,independent_dimension,needs_dev_validation,,0.1.1
S0251,US_REVERSED,en,reverse,literal,source_exact,US_COURTS_GLOSSARY,Reverse,low,1,0,7,independent_dimension,needs_dev_validation,,0.1.1
S0252,US_REVERSED,ko,원심 파기,literal,researcher_translation_candidate,US_COURTS_GLOSSARY,Reverse,low,0,0,5,independent_dimension,needs_dev_validation,Researcher translation candidates are not claims of doctrinal equivalence. Inactive until development-set validation.,0.1.1
S0253,US_REMAND,en,remand,literal,source_exact,US_COURTS_GLOSSARY,Remand,low,1,0,6,independent_dimension,needs_dev_validation,,0.1.1
S0254,US_REMAND,en,remanded,literal,source_variant,US_COURTS_GLOSSARY,Remand,low,1,0,8,independent_dimension,needs_dev_validation,,0.1.1
S0255,US_REMAND,ko,환송,literal,researcher_translation_candidate,US_COURTS_GLOSSARY,Remand,low,0,0,2,independent_dimension,needs_dev_validation,Researcher translation candidates are not claims of doctrinal equivalence. Inactive until development-set validation.,0.1.1
S0256,US_COMPLAINT,en,complaint,literal,source_exact,US_COURTS_GLOSSARY,Complaint,low,1,0,9,independent_dimension,needs_dev_validation,,0.1.1
S0257,US_COMPLAINT,ko,소장,literal,researcher_translation_candidate,US_COURTS_GLOSSARY,Complaint,low,0,0,2,independent_dimension,needs_dev_validation,Researcher translation candidates are not claims of doctrinal equivalence. Inactive until development-set validation.,0.1.1
S0258,US_ANSWER,en,answer,literal,source_exact,US_COURTS_GLOSSARY,Answer,low,1,0,6,independent_dimension,needs_dev_validation,,0.1.1
S0259,US_ANSWER,ko,답변서,literal,researcher_translation_candidate,US_COURTS_GLOSSARY,Answer,low,0,0,3,independent_dimension,needs_dev_validation,Researcher translation candidates are not claims of doctrinal equivalence. Inactive until development-set validation.,0.1.1
S0260,US_RECORD,en,record,literal,source_exact,US_COURTS_GLOSSARY,Record,high,0,0,6,independent_dimension,needs_dev_validation,,0.1.1
S0261,US_RECORD,ko,소송기록,literal,researcher_translation_candidate,US_COURTS_GLOSSARY,Record,low,0,0,4,independent_dimension,needs_dev_validation,Researcher translation candidates are not claims of doctrinal equivalence. Inactive until development-set validation.,0.1.1
S0262,US_MOTION_TO_DISMISS,en,motion to dismiss,literal,corpus_candidate,DEV_CORPUS,to validate,low,0,0,17,independent_dimension,needs_dev_validation,Inactive until development-set validation.,0.1.1
S0263,US_MOTION_TO_DISMISS,ko,기각신청,literal,researcher_translation_candidate,DEV_CORPUS,to validate,low,0,0,4,independent_dimension,needs_dev_validation,Researcher translation candidates are not claims of doctrinal equivalence. Inactive until development-set validation.,0.1.1
S0264,US_SUMMARY_JUDGMENT,en,summary judgment,literal,corpus_candidate,DEV_CORPUS,to validate,low,0,0,16,independent_dimension,needs_dev_validation,Inactive until development-set validation.,0.1.1
S0265,US_SUMMARY_JUDGMENT,ko,약식판결,literal,researcher_translation_candidate,DEV_CORPUS,to validate,low,0,0,4,independent_dimension,needs_dev_validation,Researcher translation candidates are not claims of doctrinal equivalence. Inactive until development-set validation.,0.1.1
S0266,US_MOTION_SUMMARY_JUDGMENT,en,motion for summary judgment,literal,corpus_candidate,DEV_CORPUS,to validate,low,0,0,27,independent_dimension,needs_dev_validation,Inactive until development-set validation.,0.1.1
S0267,US_MOTION_SUMMARY_JUDGMENT,ko,약식판결 신청,literal,researcher_translation_candidate,DEV_CORPUS,to validate,low,0,0,7,independent_dimension,needs_dev_validation,Researcher translation candidates are not claims of doctrinal equivalence. Inactive until development-set validation.,0.1.1
S0268,US_STANDARD_OF_REVIEW,en,standard of review,literal,corpus_candidate,DEV_CORPUS,to validate,low,0,0,18,independent_dimension,needs_dev_validation,Inactive until development-set validation.,0.1.1
S0269,US_STANDARD_OF_REVIEW,ko,심사기준,literal,researcher_translation_candidate,DEV_CORPUS,to validate,low,0,0,4,independent_dimension,needs_dev_validation,Researcher translation candidates are not claims of doctrinal equivalence. Inactive until development-set validation.,0.1.1
S0270,US_DE_NOVO_REVIEW,en,de novo review,literal,corpus_candidate,DEV_CORPUS,to validate,low,0,0,14,independent_dimension,needs_dev_validation,Inactive until development-set validation.,0.1.1
S0271,US_DE_NOVO_REVIEW,en,review de novo,literal,corpus_candidate,DEV_CORPUS,to validate,low,0,0,14,independent_dimension,needs_dev_validation,Inactive until development-set validation.,0.1.1
S0272,US_DE_NOVO_REVIEW,ko,전면적 재심사,literal,researcher_translation_candidate,DEV_CORPUS,to validate,low,0,0,7,independent_dimension,needs_dev_validation,Researcher translation candidates are not claims of doctrinal equivalence. Inactive until development-set validation.,0.1.1
S0273,US_ABUSE_OF_DISCRETION,en,abuse of discretion,literal,corpus_candidate,DEV_CORPUS,to validate,low,0,0,19,independent_dimension,needs_dev_validation,Inactive until development-set validation.,0.1.1
S0274,US_ABUSE_OF_DISCRETION,ko,재량권 남용,literal,researcher_translation_candidate,DEV_CORPUS,to validate,low,0,0,6,independent_dimension,needs_dev_validation,Researcher translation candidates are not claims of doctrinal equivalence. Inactive until development-set validation.,0.1.1
S0275,US_SUBSTANTIAL_EVIDENCE_REVIEW,en,substantial evidence,literal,corpus_candidate,DEV_CORPUS,to validate,low,0,0,20,independent_dimension,needs_dev_validation,Inactive until development-set validation.,0.1.1
S0276,US_SUBSTANTIAL_EVIDENCE_REVIEW,ko,실질적 증거,literal,researcher_translation_candidate,DEV_CORPUS,to validate,low,0,0,6,independent_dimension,needs_dev_validation,Researcher translation candidates are not claims of doctrinal equivalence. Inactive until development-set validation.,0.1.1
S0277,US_FINAL_JUDGMENT,en,final judgment,literal,corpus_candidate,DEV_CORPUS,to validate,low,1,0,14,independent_dimension,needs_dev_validation,Procedure surface retained as a candidate; use a direct procedure source or dev-corpus evidence before freeze.,0.1.1
S0278,US_FINAL_JUDGMENT,ko,최종판결,literal,researcher_translation_candidate,US_WEX_INJUNCTION,Permanent Injunctions,low,0,0,4,independent_dimension,needs_dev_validation,Researcher translation candidates are not claims of doctrinal equivalence. Inactive until development-set validation.,0.1.1
S0279,US_TRIAL,en,trial,literal,corpus_candidate,DEV_CORPUS,to validate,high,0,0,5,independent_dimension,needs_dev_validation,Bare 'trial' remains excluded from primary density and requires dev-corpus validation.,0.1.1
S0280,US_TRIAL,ko,재판,literal,researcher_translation_candidate,US_WEX_NEG_PER_SE,entry,high,0,0,2,independent_dimension,needs_dev_validation,Researcher translation candidates are not claims of doctrinal equivalence. Inactive until development-set validation.,0.1.1
S0281,ARG_ASSERT,ko,"(?:원고(?:들)?|피고(?:들)?|항소인(?:들)?|피항소인(?:들)?|상고인(?:들)?|피상고인(?:들)?|\[(?:PERSON|COMPANY|ORGANIZATION|ENTITY|OTHER)_[A-Z0-9]+\])(?:는|은|가|이)?\s+[^.!?\n。！？]{0,120}?(?:라고\s+)?주장(?:한다|하였다|하고\s+있다|하면서|하므로|하였으나|하나)",regex,corpus_pattern_seed,DEV_CORPUS,validate on held-out development judgments,medium,1,0,202,independent_dimension,needs_dev_validation,"Sentence-local party-argument pattern; includes plural roles and anonymized party placeholders. Tune only on development data, then freeze.",0.1.1
S0282,ARG_CONTEND,ko,"(?:원고(?:들)?|피고(?:들)?|항소인(?:들)?|피항소인(?:들)?|상고인(?:들)?|피상고인(?:들)?|\[(?:PERSON|COMPANY|ORGANIZATION|ENTITY|OTHER)_[A-Z0-9]+\])(?:는|은|가|이)?\s+[^.!?\n。！？]{0,120}?(?:다툰다|다투었다|다투고\s+있다)",regex,corpus_pattern_seed,DEV_CORPUS,validate on held-out development judgments,medium,1,0,177,independent_dimension,needs_dev_validation,"Sentence-local party-argument pattern; includes plural roles and anonymized party placeholders. Tune only on development data, then freeze.",0.1.1
S0283,ARG_DEFENSE,ko,"(?:피고(?:들)?|피항소인(?:들)?|피상고인(?:들)?|\[(?:PERSON|COMPANY|ORGANIZATION|ENTITY|OTHER)_[A-Z0-9]+\])(?:는|은|가|이)?\s+[^.!?\n。！？]{0,120}?(?:라고\s+)?항변(?:한다|하였다|하면서|하나)",regex,corpus_pattern_seed,DEV_CORPUS,validate on held-out development judgments,medium,1,0,156,independent_dimension,needs_dev_validation,"Sentence-local party-argument pattern; includes plural roles and anonymized party placeholders. Tune only on development data, then freeze.",0.1.1
S0284,ARG_ARGUMENT_NOUN,ko,(?:원고(?:들)?|피고(?:들)?|항소인(?:들)?|피항소인(?:들)?|상고인(?:들)?|피상고인(?:들)?|\[(?:PERSON|COMPANY|ORGANIZATION|ENTITY|OTHER)_[A-Z0-9]+\])의\s+(?:위\s+)?(?:주장|항변|입장),regex,corpus_pattern_seed,DEV_CORPUS,validate on held-out development judgments,medium,1,0,147,independent_dimension,needs_dev_validation,"Sentence-local party-argument pattern; includes plural roles and anonymized party placeholders. Tune only on development data, then freeze.",0.1.1
S0285,ARG_COUNTER,ko,"(?:원고(?:들)?|피고(?:들)?|항소인(?:들)?|피항소인(?:들)?|상고인(?:들)?|피상고인(?:들)?|\[(?:PERSON|COMPANY|ORGANIZATION|ENTITY|OTHER)_[A-Z0-9]+\])(?:는|은|가|이)?\s+[^.!?\n。！？]{0,120}?반박(?:한다|하였다)",regex,corpus_pattern_seed,DEV_CORPUS,validate on held-out development judgments,medium,1,0,168,independent_dimension,needs_dev_validation,"Sentence-local party-argument pattern; includes plural roles and anonymized party placeholders. Tune only on development data, then freeze.",0.1.1
S0286,ARG_DISPUTE,ko,"(?:원고(?:들)?|피고(?:들)?|항소인(?:들)?|피항소인(?:들)?|상고인(?:들)?|피상고인(?:들)?|\[(?:PERSON|COMPANY|ORGANIZATION|ENTITY|OTHER)_[A-Z0-9]+\])(?:는|은|가|이)?\s+[^.!?\n。！？]{0,120}?(?:부인(?:한다|하였다)|다툰다|다투었다|다투고\s+있다)",regex,corpus_pattern_seed,DEV_CORPUS,validate on held-out development judgments,medium,1,0,190,independent_dimension,needs_dev_validation,"Sentence-local party-argument pattern; includes plural roles and anonymized party placeholders. Tune only on development data, then freeze.",0.1.1
S0287,ARG_CLAIM,ko,"(?:원고(?:들)?|항소인(?:들)?|상고인(?:들)?|\[(?:PERSON|COMPANY|ORGANIZATION|ENTITY|OTHER)_[A-Z0-9]+\])(?:는|은|가|이)?\s+[^.!?\n。！？]{0,120}?청구(?:한다|하였다)",regex,corpus_pattern_seed,DEV_CORPUS,validate on held-out development judgments,medium,1,0,137,independent_dimension,needs_dev_validation,"Sentence-local party-argument pattern; includes plural roles and anonymized party placeholders. Tune only on development data, then freeze.",0.1.1
S0288,ARG_ASSERT,en,(?<![A-Za-z0-9_])(?:plaintiffs?|defendants?|appellants?|appellees?|respondents?|petitioners?|\[(?:PERSON|COMPANY|ORGANIZATION|ENTITY|OTHER)_[A-Z0-9]+\])\s+(?:argues?|argued|asserts?|asserted)\s+that\b,regex,corpus_pattern_seed,DEV_CORPUS,validate on held-out development judgments,medium,1,0,200,independent_dimension,needs_dev_validation,"Sentence-local party-argument pattern; includes plural roles and anonymized party placeholders. Tune only on development data, then freeze.",0.1.1
S0289,ARG_CONTEND,en,(?<![A-Za-z0-9_])(?:plaintiffs?|defendants?|appellants?|appellees?|respondents?|petitioners?|\[(?:PERSON|COMPANY|ORGANIZATION|ENTITY|OTHER)_[A-Z0-9]+\])\s+(?:contends?|contended)\s+that\b,regex,corpus_pattern_seed,DEV_CORPUS,validate on held-out development judgments,medium,1,0,187,independent_dimension,needs_dev_validation,"Sentence-local party-argument pattern; includes plural roles and anonymized party placeholders. Tune only on development data, then freeze.",0.1.1
S0290,ARG_ASSERT,en,(?<![A-Za-z0-9_])(?:plaintiffs?|defendants?|appellants?|appellees?|respondents?|petitioners?|\[(?:PERSON|COMPANY|ORGANIZATION|ENTITY|OTHER)_[A-Z0-9]+\])\s+(?:argues?|argued|asserts?|asserted)\s+that\b,regex,corpus_pattern_seed,DEV_CORPUS,validate on held-out development judgments,medium,1,0,200,independent_dimension,needs_dev_validation,"Sentence-local party-argument pattern; includes plural roles and anonymized party placeholders. Tune only on development data, then freeze.",0.1.1
S0291,ARG_MAINTAIN,en,(?<![A-Za-z0-9_])(?:plaintiffs?|defendants?|appellants?|appellees?|respondents?|petitioners?|\[(?:PERSON|COMPANY|ORGANIZATION|ENTITY|OTHER)_[A-Z0-9]+\])\s+(?:maintains?|maintained)\s+that\b,regex,corpus_pattern_seed,DEV_CORPUS,validate on held-out development judgments,medium,1,0,189,independent_dimension,needs_dev_validation,"Sentence-local party-argument pattern; includes plural roles and anonymized party placeholders. Tune only on development data, then freeze.",0.1.1
S0292,ARG_ALLEGE,en,(?<![A-Za-z0-9_])(?:plaintiffs?|defendants?|appellants?|appellees?|respondents?|petitioners?|\[(?:PERSON|COMPANY|ORGANIZATION|ENTITY|OTHER)_[A-Z0-9]+\])\s+(?:alleges?|alleged)\s+that\b,regex,corpus_pattern_seed,DEV_CORPUS,validate on held-out development judgments,medium,1,0,184,independent_dimension,needs_dev_validation,"Sentence-local party-argument pattern; includes plural roles and anonymized party placeholders. Tune only on development data, then freeze.",0.1.1
S0293,ARG_CLAIM,en,(?<![A-Za-z0-9_])(?:plaintiffs?|defendants?|appellants?|appellees?|respondents?|petitioners?|\[(?:PERSON|COMPANY|ORGANIZATION|ENTITY|OTHER)_[A-Z0-9]+\])\s+(?:claims?|claimed)\s+that\b,regex,corpus_pattern_seed,DEV_CORPUS,validate on held-out development judgments,medium,1,0,183,independent_dimension,needs_dev_validation,"Sentence-local party-argument pattern; includes plural roles and anonymized party placeholders. Tune only on development data, then freeze.",0.1.1
S0294,ARG_COUNTER,en,(?<![A-Za-z0-9_])(?:plaintiffs?|defendants?|appellants?|appellees?|respondents?|petitioners?|\[(?:PERSON|COMPANY|ORGANIZATION|ENTITY|OTHER)_[A-Z0-9]+\])\s+(?:counters?|countered)\s+that\b,regex,corpus_pattern_seed,DEV_CORPUS,validate on held-out development judgments,medium,1,0,187,independent_dimension,needs_dev_validation,"Sentence-local party-argument pattern; includes plural roles and anonymized party placeholders. Tune only on development data, then freeze.",0.1.1
S0295,ARG_ARGUMENT_NOUN,en,(?<![A-Za-z0-9_])(?:plaintiffs?|defendants?|appellants?|appellees?|respondents?|petitioners?|\[(?:PERSON|COMPANY|ORGANIZATION|ENTITY|OTHER)_[A-Z0-9]+\])(?:'s|’s)\s+(?:argument|contention|position|claim|defense)\b,regex,corpus_pattern_seed,DEV_CORPUS,validate on held-out development judgments,medium,1,0,212,independent_dimension,needs_dev_validation,"Sentence-local party-argument pattern; includes plural roles and anonymized party placeholders. Tune only on development data, then freeze.",0.1.1
S0296,ARG_ASSERT,en,(?<![A-Za-z0-9_])(?:plaintiffs?|defendants?|appellants?|appellees?|respondents?|petitioners?|\[(?:PERSON|COMPANY|ORGANIZATION|ENTITY|OTHER)_[A-Z0-9]+\])\s+(?:argues?|argued|asserts?|asserted)\s+that\b,regex,corpus_pattern_seed,DEV_CORPUS,validate on held-out development judgments,medium,1,0,200,independent_dimension,needs_dev_validation,"Sentence-local party-argument pattern; includes plural roles and anonymized party placeholders. Tune only on development data, then freeze.",0.1.1
