case_id,origin_country,origin_state,primary_domain,case_domain,source_grounding_status,legal_leakage_status,legal_leakage_evidence,jurisdiction_leakage_status,jurisdiction_leakage_evidence,translation_equivalence_status,translation_equivalence_issues,translation_equivalence_warnings,fact_id_alignment_status,fact_has_parties,fact_has_conduct,fact_has_context,fact_has_timeline,fact_has_harm,fact_has_causation,fact_has_defense_context,fact_has_causal_sequence,mandatory_fact_dimensions,missing_mandatory_fact_dimensions,core_fact_sufficient,fact_sufficiency_score,preferred_fact_sufficiency,factual_background_sufficient,deterministic_qc_issues,llm_qc_status,llm_qc_findings,manual_review_recommended,final_eligible
KR_15f616454feb5baced,KR,,general_negligence_personal_injury,general_negligence_personal_injury,pass,pass,"{""en"":[],""ko"":[]}",pass,"{""en"":[],""ko"":[]}",pass,[],[],pass,True,True,True,False,True,True,False,True,"{""fact_has_causation"":true,""fact_has_conduct"":true,""fact_has_harm"":true,""fact_has_parties"":true}",[],True,5,True,True,[],not_run,[],False,True
KR_2938a7d8dec5b2a57e,KR,,general_negligence_personal_injury,general_negligence_personal_injury,pass,pass,"{""en"":[],""ko"":[]}",pass,"{""en"":[],""ko"":[]}",pass,[],"[""number_mismatch"",""unit_mismatch""]",pass,True,True,True,True,True,True,True,True,"{""fact_has_causation"":true,""fact_has_conduct"":true,""fact_has_harm"":true,""fact_has_parties"":true}",[],True,7,True,True,[],pass,[],True,True
KR_92b1ce3452f5861ba4,KR,,general_negligence_personal_injury,general_negligence_personal_injury,pass,pass,"{""en"":[],""ko"":[]}",pass,"{""en"":[],""ko"":[]}",pass,[],[],pass,True,True,True,True,True,True,False,True,"{""fact_has_causation"":true,""fact_has_conduct"":true,""fact_has_harm"":true,""fact_has_parties"":true}",[],True,6,True,True,[],not_run,[],False,True
KR_c6d493a48f0b6b6912,KR,,general_negligence_personal_injury,general_negligence_personal_injury,pass,pass,"{""en"":[],""ko"":[]}",pass,"{""en"":[],""ko"":[]}",pass,[],"[""negation_presence_mismatch""]",pass,True,True,True,True,True,True,True,True,"{""fact_has_causation"":true,""fact_has_conduct"":true,""fact_has_harm"":true,""fact_has_parties"":true}",[],True,7,True,True,[],pass,[],False,True
KR_f92051e8c5598d8ccc,KR,,general_negligence_personal_injury,general_negligence_personal_injury,pass,pass,"{""en"":[],""ko"":[]}",pass,"{""en"":[],""ko"":[]}",pass,[],"[""number_mismatch""]",pass,True,True,True,True,True,True,False,True,"{""fact_has_causation"":true,""fact_has_conduct"":true,""fact_has_harm"":true,""fact_has_parties"":true}",[],True,6,True,True,[],pass,[],False,True
KR_16747477bbb419c699,KR,,general_negligence_personal_injury,general_negligence_personal_injury,pass,pass,"{""en"":[],""ko"":[]}",pass,"{""en"":[],""ko"":[]}",pass,[],[],pass,True,True,True,False,True,True,True,True,"{""fact_has_causation"":true,""fact_has_conduct"":true,""fact_has_harm"":true,""fact_has_parties"":true}",[],True,6,True,True,[],not_run,[],True,True
KR_94e863154231995db3,KR,,general_negligence_personal_injury,general_negligence_personal_injury,pass,pass,"{""en"":[],""ko"":[]}",pass,"{""en"":[],""ko"":[]}",pass,[],"[""number_mismatch""]",pass,True,True,True,True,True,True,True,True,"{""fact_has_causation"":true,""fact_has_conduct"":true,""fact_has_harm"":true,""fact_has_parties"":true}",[],True,7,True,True,[],pass,[],False,True
KR_c9b0b61cc030200a6a,KR,,general_negligence_personal_injury,general_negligence_personal_injury,pass,pass,"{""en"":[],""ko"":[]}",pass,"{""en"":[],""ko"":[]}",pass,[],[],pass,True,True,True,True,True,True,False,True,"{""fact_has_causation"":true,""fact_has_conduct"":true,""fact_has_harm"":true,""fact_has_parties"":true}",[],True,6,True,True,[],not_run,[],False,True
KR_d0cfadb984b62f020b,KR,,general_negligence_personal_injury,general_negligence_personal_injury,pass,pass,"{""en"":[],""ko"":[]}",pass,"{""en"":[],""ko"":[]}",pass,[],"[""number_mismatch""]",pass,True,True,True,True,True,True,True,True,"{""fact_has_causation"":true,""fact_has_conduct"":true,""fact_has_harm"":true,""fact_has_parties"":true}",[],True,7,True,True,[],pass,[],False,True
KR_0dcfdd46d74a8951e1,KR,,general_negligence_personal_injury,general_negligence_personal_injury,pass,pass,"{""en"":[],""ko"":[]}",pass,"{""en"":[],""ko"":[]}",pass,[],"[""negation_presence_mismatch""]",pass,True,True,True,True,True,True,True,True,"{""fact_has_causation"":true,""fact_has_conduct"":true,""fact_has_harm"":true,""fact_has_parties"":true}",[],True,7,True,True,[],pass,[],False,True
KR_655f2386b561c2a84a,KR,,general_negligence_personal_injury,general_negligence_personal_injury,pass,pass,"{""en"":[],""ko"":[]}",pass,"{""en"":[],""ko"":[]}",pass,[],"[""number_mismatch"",""negation_presence_mismatch""]",pass,True,True,True,True,True,True,True,True,"{""fact_has_causation"":true,""fact_has_conduct"":true,""fact_has_harm"":true,""fact_has_parties"":true}",[],True,7,True,True,[],pass,[],False,True
KR_d5131e7c37df509266,KR,,general_negligence_personal_injury,general_negligence_personal_injury,pass,pass,"{""en"":[],""ko"":[]}",pass,"{""en"":[],""ko"":[]}",pass,[],"[""number_mismatch""]",pass,True,True,True,False,True,True,False,True,"{""fact_has_causation"":true,""fact_has_conduct"":true,""fact_has_harm"":true,""fact_has_parties"":true}",[],True,5,True,True,[],pass,[],False,True
KR_29de6fa2d32993658e,KR,,general_negligence_personal_injury,general_negligence_personal_injury,pass,pass,"{""en"":[],""ko"":[]}",pass,"{""en"":[],""ko"":[]}",pass,[],[],pass,True,True,True,True,True,True,False,True,"{""fact_has_causation"":true,""fact_has_conduct"":true,""fact_has_harm"":true,""fact_has_parties"":true}",[],True,6,True,True,[],not_run,[],False,True
KR_61112d3135e80de786,KR,,general_negligence_personal_injury,general_negligence_personal_injury,pass,pass,"{""en"":[],""ko"":[]}",pass,"{""en"":[],""ko"":[]}",pass,[],[],pass,True,True,False,True,True,True,False,True,"{""fact_has_causation"":true,""fact_has_conduct"":true,""fact_has_harm"":true,""fact_has_parties"":true}",[],True,5,True,True,[],not_run,[],False,True
KR_ce03d7157e09c4d242,KR,,general_negligence_personal_injury,general_negligence_personal_injury,pass,pass,"{""en"":[],""ko"":[]}",pass,"{""en"":[],""ko"":[]}",pass,[],[],pass,True,True,False,True,True,True,False,True,"{""fact_has_causation"":true,""fact_has_conduct"":true,""fact_has_harm"":true,""fact_has_parties"":true}",[],True,5,True,True,[],not_run,[],False,True
KR_bd5712bcc29293f8e7,KR,,general_negligence_personal_injury,general_negligence_personal_injury,pass,pass,"{""en"":[],""ko"":[]}",pass,"{""en"":[],""ko"":[]}",pass,[],"[""number_mismatch""]",pass,True,True,True,True,True,True,True,True,"{""fact_has_causation"":true,""fact_has_conduct"":true,""fact_has_harm"":true,""fact_has_parties"":true}",[],True,7,True,True,[],pass,[],False,True
KR_934df9d2f48650c256,KR,,general_negligence_personal_injury,general_negligence_personal_injury,pass,pass,"{""en"":[],""ko"":[]}",pass,"{""en"":[],""ko"":[]}",pass,[],"[""unit_mismatch"",""negation_presence_mismatch""]",pass,True,True,True,True,True,True,True,True,"{""fact_has_causation"":true,""fact_has_conduct"":true,""fact_has_harm"":true,""fact_has_parties"":true}",[],True,7,True,True,[],pass,[],False,True
KR_c7ec53e12d00dabce6,KR,,general_negligence_personal_injury,general_negligence_personal_injury,pass,pass,"{""en"":[],""ko"":[]}",pass,"{""en"":[],""ko"":[]}",pass,[],[],pass,True,True,True,True,True,True,True,True,"{""fact_has_causation"":true,""fact_has_conduct"":true,""fact_has_harm"":true,""fact_has_parties"":true}",[],True,7,True,True,[],not_run,[],False,True
KR_d9b3ee3b261df8b463,KR,,general_negligence_personal_injury,general_negligence_personal_injury,pass,pass,"{""en"":[],""ko"":[]}",pass,"{""en"":[],""ko"":[]}",pass,[],"[""number_mismatch""]",pass,True,True,True,False,True,True,True,True,"{""fact_has_causation"":true,""fact_has_conduct"":true,""fact_has_harm"":true,""fact_has_parties"":true}",[],True,6,True,True,[],pass,[],False,True
KR_7be1ae9174eea5f5f2,KR,,general_negligence_personal_injury,general_negligence_personal_injury,pass,pass,"{""en"":[],""ko"":[]}",pass,"{""en"":[],""ko"":[]}",pass,[],"[""negation_presence_mismatch"",""unit_mismatch""]",pass,True,True,True,True,True,True,True,True,"{""fact_has_causation"":true,""fact_has_conduct"":true,""fact_has_harm"":true,""fact_has_parties"":true}",[],True,7,True,True,[],pass,[],False,True
KR_ac6643f28f1a875a1b,KR,,general_negligence_personal_injury,general_negligence_personal_injury,pass,pass,"{""en"":[],""ko"":[]}",pass,"{""en"":[],""ko"":[]}",pass,[],"[""number_mismatch""]",pass,True,True,True,True,True,True,True,True,"{""fact_has_causation"":true,""fact_has_conduct"":true,""fact_has_harm"":true,""fact_has_parties"":true}",[],True,7,True,True,[],pass,[],True,True
KR_21e5cc81eee32db79e,KR,,general_negligence_personal_injury,general_negligence_personal_injury,pass,pass,"{""en"":[],""ko"":[]}",pass,"{""en"":[],""ko"":[]}",pass,[],"[""negation_presence_mismatch""]",pass,True,True,True,True,True,True,True,True,"{""fact_has_causation"":true,""fact_has_conduct"":true,""fact_has_harm"":true,""fact_has_parties"":true}",[],True,7,True,True,[],pass,[],True,True
KR_b24448d722a0190549,KR,,general_negligence_personal_injury,general_negligence_personal_injury,pass,pass,"{""en"":[],""ko"":[]}",pass,"{""en"":[],""ko"":[]}",pass,[],"[""number_mismatch"",""unit_mismatch""]",pass,True,True,True,False,True,True,False,True,"{""fact_has_causation"":true,""fact_has_conduct"":true,""fact_has_harm"":true,""fact_has_parties"":true}",[],True,5,True,True,[],pass,[],False,True
KR_b7d634c2e03993e164,KR,,general_negligence_personal_injury,general_negligence_personal_injury,pass,pass,"{""en"":[],""ko"":[]}",pass,"{""en"":[],""ko"":[]}",pass,[],"[""negation_presence_mismatch""]",pass,True,True,True,True,True,True,True,True,"{""fact_has_causation"":true,""fact_has_conduct"":true,""fact_has_harm"":true,""fact_has_parties"":true}",[],True,7,True,True,[],pass,[],False,True
KR_68e0deec401c3edd58,KR,,general_negligence_personal_injury,general_negligence_personal_injury,pass,pass,"{""en"":[],""ko"":[]}",pass,"{""en"":[],""ko"":[]}",pass,[],"[""number_mismatch""]",pass,True,True,True,True,True,True,True,True,"{""fact_has_causation"":true,""fact_has_conduct"":true,""fact_has_harm"":true,""fact_has_parties"":true}",[],True,7,True,True,[],pass,[],True,True
KR_7f8df551c38264fcbe,KR,,general_negligence_personal_injury,general_negligence_personal_injury,pass,pass,"{""en"":[],""ko"":[]}",pass,"{""en"":[],""ko"":[]}",pass,[],"[""number_mismatch""]",pass,True,True,True,True,True,True,True,True,"{""fact_has_causation"":true,""fact_has_conduct"":true,""fact_has_harm"":true,""fact_has_parties"":true}",[],True,7,True,True,[],pass,[],False,True
KR_4e2107bebbe71bff1d,KR,,general_negligence_personal_injury,general_negligence_personal_injury,pass,pass,"{""en"":[],""ko"":[]}",pass,"{""en"":[],""ko"":[]}",pass,[],"[""negation_presence_mismatch""]",pass,True,True,True,True,True,True,True,True,"{""fact_has_causation"":true,""fact_has_conduct"":true,""fact_has_harm"":true,""fact_has_parties"":true}",[],True,7,True,True,[],pass,[],False,True
KR_9ff8adb69f213e129e,KR,,general_negligence_personal_injury,general_negligence_personal_injury,pass,pass,"{""en"":[],""ko"":[]}",pass,"{""en"":[],""ko"":[]}",pass,[],"[""number_mismatch"",""negation_presence_mismatch"",""unit_mismatch""]",pass,True,True,True,True,True,True,True,True,"{""fact_has_causation"":true,""fact_has_conduct"":true,""fact_has_harm"":true,""fact_has_parties"":true}",[],True,7,True,True,[],pass,[],False,True
KR_55074ea924a215c67b,KR,,general_negligence_personal_injury,general_negligence_personal_injury,pass,pass,"{""en"":[],""ko"":[]}",pass,"{""en"":[],""ko"":[]}",pass,[],"[""negation_presence_mismatch""]",pass,True,True,True,True,True,True,True,True,"{""fact_has_causation"":true,""fact_has_conduct"":true,""fact_has_harm"":true,""fact_has_parties"":true}",[],True,7,True,True,[],pass,[],False,True
KR_12b9dc4aa1ee6e184c,KR,,general_negligence_personal_injury,general_negligence_personal_injury,pass,pass,"{""en"":[],""ko"":[]}",pass,"{""en"":[],""ko"":[]}",pass,[],"[""negation_presence_mismatch""]",pass,True,True,True,True,True,True,False,True,"{""fact_has_causation"":true,""fact_has_conduct"":true,""fact_has_harm"":true,""fact_has_parties"":true}",[],True,6,True,True,[],pass,[],False,True
KR_13b881769bf8928779,KR,,general_negligence_personal_injury,general_negligence_personal_injury,pass,pass,"{""en"":[],""ko"":[]}",pass,"{""en"":[],""ko"":[]}",pass,[],"[""negation_presence_mismatch""]",pass,True,True,True,True,True,True,False,True,"{""fact_has_causation"":true,""fact_has_conduct"":true,""fact_has_harm"":true,""fact_has_parties"":true}",[],True,6,True,True,[],pass,[],False,True
KR_60ac72230335410754,KR,,general_negligence_personal_injury,general_negligence_personal_injury,pass,pass,"{""en"":[],""ko"":[]}",pass,"{""en"":[],""ko"":[]}",pass,[],[],pass,True,True,True,True,True,True,False,True,"{""fact_has_causation"":true,""fact_has_conduct"":true,""fact_has_harm"":true,""fact_has_parties"":true}",[],True,6,True,True,[],not_run,[],False,True
KR_d4a866bf8f86262c7f,KR,,general_negligence_personal_injury,general_negligence_personal_injury,pass,pass,"{""en"":[],""ko"":[]}",pass,"{""en"":[],""ko"":[]}",pass,[],"[""number_mismatch"",""unit_mismatch""]",pass,True,True,True,True,True,True,False,True,"{""fact_has_causation"":true,""fact_has_conduct"":true,""fact_has_harm"":true,""fact_has_parties"":true}",[],True,6,True,True,[],pass,[],False,True
KR_b9478acaee2bfa081a,KR,,general_negligence_personal_injury,general_negligence_personal_injury,pass,pass,"{""en"":[],""ko"":[]}",pass,"{""en"":[],""ko"":[]}",pass,[],[],pass,True,True,True,True,True,True,True,True,"{""fact_has_causation"":true,""fact_has_conduct"":true,""fact_has_harm"":true,""fact_has_parties"":true}",[],True,7,True,True,[],not_run,[],False,True
KR_a3d84a1ae8d86e74c5,KR,,general_negligence_personal_injury,general_negligence_personal_injury,pass,pass,"{""en"":[],""ko"":[]}",pass,"{""en"":[],""ko"":[]}",pass,[],[],pass,True,True,False,True,True,True,True,True,"{""fact_has_causation"":true,""fact_has_conduct"":true,""fact_has_harm"":true,""fact_has_parties"":true}",[],True,6,True,True,[],not_run,[],False,True
KR_86fdfbe3f16878dfcf,KR,,general_negligence_personal_injury,general_negligence_personal_injury,pass,pass,"{""en"":[],""ko"":[]}",pass,"{""en"":[],""ko"":[]}",pass,[],"[""negation_presence_mismatch""]",pass,True,True,True,True,True,True,True,True,"{""fact_has_causation"":true,""fact_has_conduct"":true,""fact_has_harm"":true,""fact_has_parties"":true}",[],True,7,True,True,[],pass,[],False,True
KR_26b3a33d5ab3eb8be8,KR,,general_negligence_personal_injury,general_negligence_personal_injury,pass,pass,"{""en"":[],""ko"":[]}",pass,"{""en"":[],""ko"":[]}",pass,[],"[""number_mismatch""]",pass,True,True,True,True,True,True,True,True,"{""fact_has_causation"":true,""fact_has_conduct"":true,""fact_has_harm"":true,""fact_has_parties"":true}",[],True,7,True,True,[],pass,[],True,True
KR_80cd6399334ab774b2,KR,,general_negligence_personal_injury,general_negligence_personal_injury,pass,pass,"{""en"":[],""ko"":[]}",pass,"{""en"":[],""ko"":[]}",pass,[],[],pass,True,True,True,False,True,True,False,True,"{""fact_has_causation"":true,""fact_has_conduct"":true,""fact_has_harm"":true,""fact_has_parties"":true}",[],True,5,True,True,[],not_run,[],False,True
KR_df9ae8ebb4355cf9ab,KR,,general_negligence_personal_injury,general_negligence_personal_injury,pass,pass,"{""en"":[],""ko"":[]}",pass,"{""en"":[],""ko"":[]}",pass,[],"[""number_mismatch""]",pass,True,True,True,True,True,True,True,True,"{""fact_has_causation"":true,""fact_has_conduct"":true,""fact_has_harm"":true,""fact_has_parties"":true}",[],True,7,True,True,[],pass,[],True,True
KR_c9a36c832dbc482f8f,KR,,general_negligence_personal_injury,general_negligence_personal_injury,pass,pass,"{""en"":[],""ko"":[]}",pass,"{""en"":[],""ko"":[]}",pass,[],"[""unit_mismatch""]",pass,True,True,True,True,True,True,True,True,"{""fact_has_causation"":true,""fact_has_conduct"":true,""fact_has_harm"":true,""fact_has_parties"":true}",[],True,7,True,True,[],pass,[],False,True
KR_f358ab674e5ded71f1,KR,,general_negligence_personal_injury,general_negligence_personal_injury,pass,pass,"{""en"":[],""ko"":[]}",pass,"{""en"":[],""ko"":[]}",pass,[],[],pass,True,True,True,True,True,True,False,True,"{""fact_has_causation"":true,""fact_has_conduct"":true,""fact_has_harm"":true,""fact_has_parties"":true}",[],True,6,True,True,[],not_run,[],False,True
KR_3d251e8be01dc48a0b,KR,,general_negligence_personal_injury,general_negligence_personal_injury,pass,pass,"{""en"":[],""ko"":[]}",pass,"{""en"":[],""ko"":[]}",pass,[],"[""negation_presence_mismatch""]",pass,True,True,True,True,True,True,True,True,"{""fact_has_causation"":true,""fact_has_conduct"":true,""fact_has_harm"":true,""fact_has_parties"":true}",[],True,7,True,True,[],pass,[],False,True
KR_f8eefffc009c58124b,KR,,general_negligence_personal_injury,general_negligence_personal_injury,pass,pass,"{""en"":[],""ko"":[]}",pass,"{""en"":[],""ko"":[]}",pass,[],"[""negation_presence_mismatch""]",pass,True,True,False,True,True,True,True,True,"{""fact_has_causation"":true,""fact_has_conduct"":true,""fact_has_harm"":true,""fact_has_parties"":true}",[],True,6,True,True,[],pass,[],False,True
KR_c6a564478fdecad238,KR,,general_negligence_personal_injury,general_negligence_personal_injury,pass,pass,"{""en"":[],""ko"":[]}",pass,"{""en"":[],""ko"":[]}",pass,[],[],pass,True,True,True,True,True,True,True,True,"{""fact_has_causation"":true,""fact_has_conduct"":true,""fact_has_harm"":true,""fact_has_parties"":true}",[],True,7,True,True,[],not_run,[],True,True
KR_29dbd6f831cc47236c,KR,,general_negligence_personal_injury,general_negligence_personal_injury,pass,pass,"{""en"":[],""ko"":[]}",pass,"{""en"":[],""ko"":[]}",pass,[],[],pass,True,True,True,True,True,True,False,True,"{""fact_has_causation"":true,""fact_has_conduct"":true,""fact_has_harm"":true,""fact_has_parties"":true}",[],True,6,True,True,[],not_run,[],False,True
KR_6c7baac3a6e3991c4e,KR,,general_negligence_personal_injury,general_negligence_personal_injury,pass,pass,"{""en"":[],""ko"":[]}",pass,"{""en"":[],""ko"":[]}",pass,[],"[""number_mismatch"",""unit_mismatch"",""negation_presence_mismatch""]",pass,True,True,True,True,True,True,True,True,"{""fact_has_causation"":true,""fact_has_conduct"":true,""fact_has_harm"":true,""fact_has_parties"":true}",[],True,7,True,True,[],pass,[],False,True
KR_908095abe4f0d6d327,KR,,general_negligence_personal_injury,general_negligence_personal_injury,pass,pass,"{""en"":[],""ko"":[]}",pass,"{""en"":[],""ko"":[]}",pass,[],"[""negation_presence_mismatch""]",pass,True,True,False,True,True,True,True,True,"{""fact_has_causation"":true,""fact_has_conduct"":true,""fact_has_harm"":true,""fact_has_parties"":true}",[],True,6,True,True,[],pass,[],False,True
KR_9d2e86f030a6ea99c5,KR,,general_negligence_personal_injury,general_negligence_personal_injury,pass,pass,"{""en"":[],""ko"":[]}",pass,"{""en"":[],""ko"":[]}",pass,[],[],pass,True,True,True,True,True,True,True,True,"{""fact_has_causation"":true,""fact_has_conduct"":true,""fact_has_harm"":true,""fact_has_parties"":true}",[],True,7,True,True,[],not_run,[],False,True
KR_cd0b887a7a431369b9,KR,,general_negligence_personal_injury,general_negligence_personal_injury,pass,pass,"{""en"":[],""ko"":[]}",pass,"{""en"":[],""ko"":[]}",pass,[],"[""unit_mismatch""]",pass,True,True,True,True,True,True,True,True,"{""fact_has_causation"":true,""fact_has_conduct"":true,""fact_has_harm"":true,""fact_has_parties"":true}",[],True,7,True,True,[],pass,[],True,True
KR_196d874266db86b00d,KR,,general_negligence_personal_injury,general_negligence_personal_injury,pass,pass,"{""en"":[],""ko"":[]}",pass,"{""en"":[],""ko"":[]}",pass,[],[],pass,True,True,True,True,True,True,True,True,"{""fact_has_causation"":true,""fact_has_conduct"":true,""fact_has_harm"":true,""fact_has_parties"":true}",[],True,7,True,True,[],not_run,[],False,True
KR_251ece560a954ca2fc,KR,,general_negligence_personal_injury,general_negligence_personal_injury,pass,pass,"{""en"":[],""ko"":[]}",pass,"{""en"":[],""ko"":[]}",pass,[],"[""negation_presence_mismatch""]",pass,True,True,False,False,True,True,True,True,"{""fact_has_causation"":true,""fact_has_conduct"":true,""fact_has_harm"":true,""fact_has_parties"":true}",[],True,5,True,True,[],pass,[],False,True
KR_820a517fce55c93a84,KR,,general_negligence_personal_injury,general_negligence_personal_injury,pass,pass,"{""en"":[],""ko"":[]}",pass,"{""en"":[],""ko"":[]}",pass,[],[],pass,True,True,True,True,True,True,False,True,"{""fact_has_causation"":true,""fact_has_conduct"":true,""fact_has_harm"":true,""fact_has_parties"":true}",[],True,6,True,True,[],not_run,[],False,True
KR_b8c149d3a7eebfddda,KR,,general_negligence_personal_injury,general_negligence_personal_injury,pass,pass,"{""en"":[],""ko"":[]}",pass,"{""en"":[],""ko"":[]}",pass,[],"[""negation_presence_mismatch""]",pass,True,True,True,True,True,True,True,True,"{""fact_has_causation"":true,""fact_has_conduct"":true,""fact_has_harm"":true,""fact_has_parties"":true}",[],True,7,True,True,[],pass,[],True,True
KR_5ebeddec620aad3412,KR,,general_negligence_personal_injury,general_negligence_personal_injury,pass,pass,"{""en"":[],""ko"":[]}",pass,"{""en"":[],""ko"":[]}",pass,[],"[""unit_mismatch"",""negation_presence_mismatch""]",pass,True,True,True,False,True,True,True,True,"{""fact_has_causation"":true,""fact_has_conduct"":true,""fact_has_harm"":true,""fact_has_parties"":true}",[],True,6,True,True,[],pass,[],False,True
KR_166fe3c2ec192a031c,KR,,general_negligence_personal_injury,general_negligence_personal_injury,pass,pass,"{""en"":[],""ko"":[]}",pass,"{""en"":[],""ko"":[]}",pass,[],"[""negation_presence_mismatch""]",pass,True,True,False,True,True,True,True,True,"{""fact_has_causation"":true,""fact_has_conduct"":true,""fact_has_harm"":true,""fact_has_parties"":true}",[],True,6,True,True,[],pass,[],False,True
KR_d614974ea605954ae6,KR,,medical_professional_liability,medical_professional_liability,pass,pass,"{""en"":[],""ko"":[]}",pass,"{""en"":[],""ko"":[]}",pass,[],[],pass,True,True,False,False,True,True,True,True,"{""fact_has_causation"":true,""fact_has_conduct"":true,""fact_has_harm"":true,""fact_has_parties"":true}",[],True,5,True,True,[],not_run,[],False,True
KR_3bdfa18ada600372f2,KR,,medical_professional_liability,medical_professional_liability,pass,pass,"{""en"":[],""ko"":[]}",pass,"{""en"":[],""ko"":[]}",pass,[],"[""negation_presence_mismatch""]",pass,True,True,True,True,True,True,False,True,"{""fact_has_causation"":true,""fact_has_conduct"":true,""fact_has_harm"":true,""fact_has_parties"":true}",[],True,6,True,True,[],pass,[],False,True
KR_d35502ba94fbfc6c92,KR,,medical_professional_liability,medical_professional_liability,pass,pass,"{""en"":[],""ko"":[]}",pass,"{""en"":[],""ko"":[]}",pass,[],"[""number_mismatch""]",pass,True,True,True,True,True,True,False,True,"{""fact_has_causation"":true,""fact_has_conduct"":true,""fact_has_harm"":true,""fact_has_parties"":true}",[],True,6,True,True,[],pass,[],False,True
KR_f3fe352a4c02d16f80,KR,,medical_professional_liability,medical_professional_liability,pass,pass,"{""en"":[],""ko"":[]}",pass,"{""en"":[],""ko"":[]}",pass,[],[],pass,True,True,True,False,True,True,True,True,"{""fact_has_causation"":true,""fact_has_conduct"":true,""fact_has_harm"":true,""fact_has_parties"":true}",[],True,6,True,True,[],not_run,[],False,True
KR_78134d127e8ed36369,KR,,medical_professional_liability,medical_professional_liability,pass,pass,"{""en"":[],""ko"":[]}",pass,"{""en"":[],""ko"":[]}",pass,[],[],pass,True,True,True,True,True,True,False,True,"{""fact_has_causation"":true,""fact_has_conduct"":true,""fact_has_harm"":true,""fact_has_parties"":true}",[],True,6,True,True,[],not_run,[],False,True
KR_973642690caa8c1765,KR,,medical_professional_liability,medical_professional_liability,pass,pass,"{""en"":[],""ko"":[]}",pass,"{""en"":[],""ko"":[]}",pass,[],"[""negation_presence_mismatch""]",pass,True,True,True,True,True,True,True,True,"{""fact_has_causation"":true,""fact_has_conduct"":true,""fact_has_harm"":true,""fact_has_parties"":true}",[],True,7,True,True,[],pass,[],False,True
KR_9fa690d66617cf987e,KR,,medical_professional_liability,medical_professional_liability,pass,pass,"{""en"":[],""ko"":[]}",pass,"{""en"":[],""ko"":[]}",pass,[],[],pass,True,True,True,True,True,True,True,True,"{""fact_has_causation"":true,""fact_has_conduct"":true,""fact_has_harm"":true,""fact_has_parties"":true}",[],True,7,True,True,[],not_run,[],False,True
KR_eee8ecec3165d10cc6,KR,,medical_professional_liability,medical_professional_liability,pass,pass,"{""en"":[],""ko"":[]}",pass,"{""en"":[],""ko"":[]}",pass,[],[],pass,True,True,True,True,True,True,True,True,"{""fact_has_causation"":true,""fact_has_conduct"":true,""fact_has_harm"":true,""fact_has_parties"":true}",[],True,7,True,True,[],not_run,[],False,True
KR_b1623e21ca7095a358,KR,,medical_professional_liability,medical_professional_liability,pass,pass,"{""en"":[],""ko"":[]}",pass,"{""en"":[],""ko"":[]}",pass,[],"[""number_mismatch""]",pass,True,True,True,True,True,True,True,True,"{""fact_has_causation"":true,""fact_has_conduct"":true,""fact_has_harm"":true,""fact_has_parties"":true}",[],True,7,True,True,[],pass,[],False,True
KR_47079dcb1572fd2e34,KR,,medical_professional_liability,medical_professional_liability,pass,pass,"{""en"":[],""ko"":[]}",pass,"{""en"":[],""ko"":[]}",pass,[],"[""negation_presence_mismatch""]",pass,True,True,True,True,True,True,True,True,"{""fact_has_causation"":true,""fact_has_conduct"":true,""fact_has_harm"":true,""fact_has_parties"":true}",[],True,7,True,True,[],pass,[],False,True
KR_8d7ca5d24afd11d1da,KR,,medical_professional_liability,medical_professional_liability,pass,pass,"{""en"":[],""ko"":[]}",pass,"{""en"":[],""ko"":[]}",pass,[],[],pass,True,True,True,False,True,True,True,True,"{""fact_has_causation"":true,""fact_has_conduct"":true,""fact_has_harm"":true,""fact_has_parties"":true}",[],True,6,True,True,[],not_run,[],False,True
KR_1490ae2a5caa81b4c7,KR,,medical_professional_liability,medical_professional_liability,pass,pass,"{""en"":[],""ko"":[]}",pass,"{""en"":[],""ko"":[]}",pass,[],"[""number_mismatch""]",pass,True,True,False,True,True,True,True,True,"{""fact_has_causation"":true,""fact_has_conduct"":true,""fact_has_harm"":true,""fact_has_parties"":true}",[],True,6,True,True,[],pass,[],True,True
KR_fade97268b1abdcfa2,KR,,medical_professional_liability,medical_professional_liability,pass,pass,"{""en"":[],""ko"":[]}",pass,"{""en"":[],""ko"":[]}",pass,[],"[""negation_presence_mismatch""]",pass,True,True,True,True,True,True,True,True,"{""fact_has_causation"":true,""fact_has_conduct"":true,""fact_has_harm"":true,""fact_has_parties"":true}",[],True,7,True,True,[],pass,[],False,True
KR_4ea4b7c552d041ba9e,KR,,medical_professional_liability,medical_professional_liability,pass,pass,"{""en"":[],""ko"":[]}",pass,"{""en"":[],""ko"":[]}",pass,[],"[""number_mismatch""]",pass,True,True,True,False,True,True,True,True,"{""fact_has_causation"":true,""fact_has_conduct"":true,""fact_has_harm"":true,""fact_has_parties"":true}",[],True,6,True,True,[],pass,[],True,True
KR_77616f4d33f49f160f,KR,,medical_professional_liability,medical_professional_liability,pass,pass,"{""en"":[],""ko"":[]}",pass,"{""en"":[],""ko"":[]}",pass,[],[],pass,True,True,False,True,True,True,False,True,"{""fact_has_causation"":true,""fact_has_conduct"":true,""fact_has_harm"":true,""fact_has_parties"":true}",[],True,5,True,True,[],not_run,[],False,True
KR_38f0a0551f52400584,KR,,medical_professional_liability,medical_professional_liability,pass,pass,"{""en"":[],""ko"":[]}",pass,"{""en"":[],""ko"":[]}",pass,[],"[""negation_presence_mismatch""]",pass,True,True,True,True,True,True,True,True,"{""fact_has_causation"":true,""fact_has_conduct"":true,""fact_has_harm"":true,""fact_has_parties"":true}",[],True,7,True,True,[],pass,[],False,True
KR_f5a5d762462130dccb,KR,,medical_professional_liability,medical_professional_liability,pass,pass,"{""en"":[],""ko"":[]}",pass,"{""en"":[],""ko"":[]}",pass,[],"[""negation_presence_mismatch""]",pass,True,True,True,True,True,True,True,True,"{""fact_has_causation"":true,""fact_has_conduct"":true,""fact_has_harm"":true,""fact_has_parties"":true}",[],True,7,True,True,[],pass,[],False,True
KR_fbac05e4c9ae195c2d,KR,,medical_professional_liability,medical_professional_liability,pass,pass,"{""en"":[],""ko"":[]}",pass,"{""en"":[],""ko"":[]}",pass,[],[],pass,True,True,True,False,True,True,False,True,"{""fact_has_causation"":true,""fact_has_conduct"":true,""fact_has_harm"":true,""fact_has_parties"":true}",[],True,5,True,True,[],not_run,[],True,True
KR_4b24e5a20e1f1ddead,KR,,medical_professional_liability,medical_professional_liability,pass,pass,"{""en"":[],""ko"":[]}",pass,"{""en"":[],""ko"":[]}",pass,[],"[""negation_presence_mismatch""]",pass,True,True,True,True,True,True,True,True,"{""fact_has_causation"":true,""fact_has_conduct"":true,""fact_has_harm"":true,""fact_has_parties"":true}",[],True,7,True,True,[],pass,[],False,True
KR_293763f5a50c79c279,KR,,medical_professional_liability,medical_professional_liability,pass,pass,"{""en"":[],""ko"":[]}",pass,"{""en"":[],""ko"":[]}",pass,[],[],pass,True,True,True,True,True,True,True,True,"{""fact_has_causation"":true,""fact_has_conduct"":true,""fact_has_harm"":true,""fact_has_parties"":true}",[],True,7,True,True,[],not_run,[],False,True
KR_5beca7bd705b05bb94,KR,,medical_professional_liability,medical_professional_liability,pass,pass,"{""en"":[],""ko"":[]}",pass,"{""en"":[],""ko"":[]}",pass,[],[],pass,True,True,False,False,True,True,False,True,"{""fact_has_causation"":true,""fact_has_conduct"":true,""fact_has_harm"":true,""fact_has_parties"":true}",[],True,4,False,True,[],not_run,[],False,True
KR_f1f9176685f8c1c0db,KR,,medical_professional_liability,medical_professional_liability,pass,pass,"{""en"":[],""ko"":[]}",pass,"{""en"":[],""ko"":[]}",pass,[],[],pass,True,True,False,False,True,True,True,True,"{""fact_has_causation"":true,""fact_has_conduct"":true,""fact_has_harm"":true,""fact_has_parties"":true}",[],True,5,True,True,[],not_run,[],False,True
KR_1e296dbb0bcebaab8f,KR,,medical_professional_liability,medical_professional_liability,pass,pass,"{""en"":[],""ko"":[]}",pass,"{""en"":[],""ko"":[]}",pass,[],"[""number_mismatch"",""negation_presence_mismatch""]",pass,True,True,False,False,True,True,False,True,"{""fact_has_causation"":true,""fact_has_conduct"":true,""fact_has_harm"":true,""fact_has_parties"":true}",[],True,4,False,True,[],pass,[],False,True
KR_af61f4590681c75f54,KR,,medical_professional_liability,medical_professional_liability,pass,pass,"{""en"":[],""ko"":[]}",pass,"{""en"":[],""ko"":[]}",pass,[],[],pass,True,True,True,True,True,True,True,True,"{""fact_has_causation"":true,""fact_has_conduct"":true,""fact_has_harm"":true,""fact_has_parties"":true}",[],True,7,True,True,[],not_run,[],False,True
KR_cabb12a8960b273308,KR,,medical_professional_liability,medical_professional_liability,pass,pass,"{""en"":[],""ko"":[]}",pass,"{""en"":[],""ko"":[]}",pass,[],[],pass,True,True,True,True,True,True,True,True,"{""fact_has_causation"":true,""fact_has_conduct"":true,""fact_has_harm"":true,""fact_has_parties"":true}",[],True,7,True,True,[],not_run,[],False,True
KR_b7cbce3536a0f4f763,KR,,medical_professional_liability,medical_professional_liability,pass,pass,"{""en"":[],""ko"":[]}",pass,"{""en"":[],""ko"":[]}",pass,[],[],pass,True,True,True,True,True,True,True,True,"{""fact_has_causation"":true,""fact_has_conduct"":true,""fact_has_harm"":true,""fact_has_parties"":true}",[],True,7,True,True,[],not_run,[],False,True
KR_91bd2c03cf60df4426,KR,,medical_professional_liability,medical_professional_liability,pass,pass,"{""en"":[],""ko"":[]}",pass,"{""en"":[],""ko"":[]}",pass,[],[],pass,True,True,True,True,True,True,False,True,"{""fact_has_causation"":true,""fact_has_conduct"":true,""fact_has_harm"":true,""fact_has_parties"":true}",[],True,6,True,True,[],not_run,[],False,True
KR_bca778095d79c8e711,KR,,medical_professional_liability,medical_professional_liability,pass,pass,"{""en"":[],""ko"":[]}",pass,"{""en"":[],""ko"":[]}",pass,[],"[""number_mismatch""]",pass,True,True,False,True,True,True,True,True,"{""fact_has_causation"":true,""fact_has_conduct"":true,""fact_has_harm"":true,""fact_has_parties"":true}",[],True,6,True,True,[],pass,[],False,True
KR_bb48d36e58640760a7,KR,,product_liability,product_liability,pass,pass,"{""en"":[],""ko"":[]}",pass,"{""en"":[],""ko"":[]}",pass,[],"[""number_mismatch""]",pass,True,True,True,True,True,True,True,True,"{""fact_has_causation"":true,""fact_has_conduct"":true,""fact_has_harm"":true,""fact_has_parties"":true}",[],True,7,True,True,[],pass,[],False,True
KR_6e91996913ed443be6,KR,,product_liability,product_liability,pass,pass,"{""en"":[],""ko"":[]}",pass,"{""en"":[],""ko"":[]}",pass,[],"[""negation_presence_mismatch""]",pass,True,True,False,True,True,True,False,True,"{""fact_has_causation"":true,""fact_has_conduct"":true,""fact_has_harm"":true,""fact_has_parties"":true}",[],True,5,True,True,[],pass,[],False,True
KR_17f99b470b67dcf2bd,KR,,product_liability,product_liability,pass,pass,"{""en"":[],""ko"":[]}",pass,"{""en"":[],""ko"":[]}",pass,[],[],pass,True,True,True,True,True,True,True,True,"{""fact_has_causation"":true,""fact_has_conduct"":true,""fact_has_harm"":true,""fact_has_parties"":true}",[],True,7,True,True,[],not_run,[],False,True
KR_5b6e230014dd4d5663,KR,,product_liability,product_liability,pass,pass,"{""en"":[],""ko"":[]}",pass,"{""en"":[],""ko"":[]}",pass,[],"[""unit_mismatch""]",pass,True,True,True,True,True,True,True,True,"{""fact_has_causation"":true,""fact_has_conduct"":true,""fact_has_harm"":true,""fact_has_parties"":true}",[],True,7,True,True,[],pass,[],False,True
KR_cc8813e6652ff8b3e4,KR,,product_liability,product_liability,pass,pass,"{""en"":[],""ko"":[]}",pass,"{""en"":[],""ko"":[]}",pass,[],[],pass,True,True,True,True,True,True,True,True,"{""fact_has_causation"":true,""fact_has_conduct"":true,""fact_has_harm"":true,""fact_has_parties"":true}",[],True,7,True,True,[],not_run,[],False,True
KR_cda2f7ae1f9162201f,KR,,product_liability,product_liability,pass,pass,"{""en"":[],""ko"":[]}",pass,"{""en"":[],""ko"":[]}",pass,[],"[""number_mismatch"",""negation_presence_mismatch""]",pass,True,True,True,False,True,True,True,True,"{""fact_has_causation"":true,""fact_has_conduct"":true,""fact_has_harm"":true,""fact_has_parties"":true}",[],True,6,True,True,[],pass,[],False,True
KR_2fbbb928c434a8f95b,KR,,product_liability,product_liability,pass,pass,"{""en"":[],""ko"":[]}",pass,"{""en"":[],""ko"":[]}",pass,[],"[""unit_mismatch""]",pass,True,True,True,True,True,True,True,True,"{""fact_has_causation"":true,""fact_has_conduct"":true,""fact_has_harm"":true,""fact_has_parties"":true}",[],True,7,True,True,[],pass,[],True,True
KR_8272e1d4abaf8ec55f,KR,,product_liability,product_liability,pass,pass,"{""en"":[],""ko"":[]}",pass,"{""en"":[],""ko"":[]}",pass,[],[],pass,True,True,True,True,True,True,True,True,"{""fact_has_causation"":true,""fact_has_conduct"":true,""fact_has_harm"":true,""fact_has_parties"":true}",[],True,7,True,True,[],not_run,[],True,True
KR_bd9cba7b4f62c65d0a,KR,,product_liability,product_liability,pass,pass,"{""en"":[],""ko"":[]}",pass,"{""en"":[],""ko"":[]}",pass,[],"[""negation_presence_mismatch""]",pass,True,True,True,True,True,True,True,True,"{""fact_has_causation"":true,""fact_has_conduct"":true,""fact_has_harm"":true,""fact_has_parties"":true}",[],True,7,True,True,[],pass,[],True,True
KR_b8f7e4d96ca6d41527,KR,,product_liability,product_liability,pass,pass,"{""en"":[],""ko"":[]}",pass,"{""en"":[],""ko"":[]}",pass,[],[],pass,True,True,True,True,True,True,True,True,"{""fact_has_causation"":true,""fact_has_conduct"":true,""fact_has_harm"":true,""fact_has_parties"":true}",[],True,7,True,True,[],not_run,[],False,True
KR_4a417b3e4eb96c19c1,KR,,product_liability,product_liability,pass,pass,"{""en"":[],""ko"":[]}",pass,"{""en"":[],""ko"":[]}",pass,[],"[""number_mismatch"",""negation_presence_mismatch""]",pass,True,True,True,False,True,True,True,True,"{""fact_has_causation"":true,""fact_has_conduct"":true,""fact_has_harm"":true,""fact_has_parties"":true}",[],True,6,True,True,[],pass,[],False,True
KR_8954cbe1140427b3ef,KR,,product_liability,product_liability,pass,pass,"{""en"":[],""ko"":[]}",pass,"{""en"":[],""ko"":[]}",pass,[],"[""number_mismatch""]",pass,True,True,True,False,True,True,True,True,"{""fact_has_causation"":true,""fact_has_conduct"":true,""fact_has_harm"":true,""fact_has_parties"":true}",[],True,6,True,True,[],pass,[],False,True
KR_2e57afc9436b5c385e,KR,,other_civil_liability,other_civil_liability,pass,pass,"{""en"":[],""ko"":[]}",pass,"{""en"":[],""ko"":[]}",pass,[],"[""negation_presence_mismatch""]",pass,True,True,True,True,True,True,True,True,"{""fact_has_causation"":true,""fact_has_conduct"":true,""fact_has_harm"":true,""fact_has_parties"":true}",[],True,7,True,True,[],pass,[],True,True
KR_1db22dfee6cc310e77,KR,,other_civil_liability,other_civil_liability,pass,pass,"{""en"":[],""ko"":[]}",pass,"{""en"":[],""ko"":[]}",pass,[],"[""negation_presence_mismatch""]",pass,True,True,True,True,True,True,True,True,"{""fact_has_causation"":true,""fact_has_conduct"":true,""fact_has_harm"":true,""fact_has_parties"":true}",[],True,7,True,True,[],pass,[],False,True
KR_8a49a0389073fce149,KR,,other_civil_liability,other_civil_liability,pass,pass,"{""en"":[],""ko"":[]}",pass,"{""en"":[],""ko"":[]}",pass,[],"[""negation_presence_mismatch""]",pass,True,True,True,True,True,True,True,True,"{""fact_has_causation"":true,""fact_has_conduct"":true,""fact_has_harm"":true,""fact_has_parties"":true}",[],True,7,True,True,[],pass,[],True,True
KR_644078b169f572b0fe,KR,,other_civil_liability,other_civil_liability,pass,pass,"{""en"":[],""ko"":[]}",pass,"{""en"":[],""ko"":[]}",pass,[],[],pass,True,True,False,True,True,True,True,True,"{""fact_has_causation"":true,""fact_has_conduct"":true,""fact_has_harm"":true,""fact_has_parties"":true}",[],True,6,True,True,[],not_run,[],True,True
KR_517073e205fb216efb,KR,,other_civil_liability,other_civil_liability,pass,pass,"{""en"":[],""ko"":[]}",pass,"{""en"":[],""ko"":[]}",pass,[],[],pass,True,True,True,True,True,True,False,True,"{""fact_has_causation"":true,""fact_has_conduct"":true,""fact_has_harm"":true,""fact_has_parties"":true}",[],True,6,True,True,[],not_run,[],True,True
US_5d2b0b2b4752431c53,US,Pennsylvania,general_negligence_personal_injury,general_negligence_personal_injury,pass,pass,"{""en"":[],""ko"":[]}",pass,"{""en"":[],""ko"":[]}",pass,[],"[""negation_presence_mismatch""]",pass,True,True,True,True,True,True,True,True,"{""fact_has_causation"":true,""fact_has_conduct"":true,""fact_has_harm"":true,""fact_has_parties"":true}",[],True,7,True,True,[],pass,[],False,True
US_3f0101285fcc76e2b1,US,Pennsylvania,general_negligence_personal_injury,general_negligence_personal_injury,pass,pass,"{""en"":[],""ko"":[]}",pass,"{""en"":[],""ko"":[]}",pass,[],"[""number_mismatch""]",pass,True,True,True,True,True,True,True,True,"{""fact_has_causation"":true,""fact_has_conduct"":true,""fact_has_harm"":true,""fact_has_parties"":true}",[],True,7,True,True,[],pass,[],False,True
US_3a3052ef67238d90fa,US,Pennsylvania,general_negligence_personal_injury,general_negligence_personal_injury,pass,pass,"{""en"":[],""ko"":[]}",pass,"{""en"":[],""ko"":[]}",pass,[],"[""negation_presence_mismatch""]",pass,True,True,True,False,True,True,True,True,"{""fact_has_causation"":true,""fact_has_conduct"":true,""fact_has_harm"":true,""fact_has_parties"":true}",[],True,6,True,True,[],pass,[],False,True
US_46a80b1c5e06a72d45,US,Pennsylvania,general_negligence_personal_injury,general_negligence_personal_injury,pass,pass,"{""en"":[],""ko"":[]}",pass,"{""en"":[],""ko"":[]}",pass,[],[],pass,True,True,True,True,True,True,True,True,"{""fact_has_causation"":true,""fact_has_conduct"":true,""fact_has_harm"":true,""fact_has_parties"":true}",[],True,7,True,True,[],not_run,[],False,True
US_5905b849c15a6fb3d6,US,Pennsylvania,general_negligence_personal_injury,general_negligence_personal_injury,pass,pass,"{""en"":[],""ko"":[]}",pass,"{""en"":[],""ko"":[]}",pass,[],"[""number_mismatch""]",pass,True,True,True,True,True,True,True,True,"{""fact_has_causation"":true,""fact_has_conduct"":true,""fact_has_harm"":true,""fact_has_parties"":true}",[],True,7,True,True,[],pass,[],False,True
US_0eaf2fe14baa5be05e,US,Pennsylvania,general_negligence_personal_injury,general_negligence_personal_injury,pass,pass,"{""en"":[],""ko"":[]}",pass,"{""en"":[],""ko"":[]}",pass,[],"[""negation_presence_mismatch""]",pass,True,True,True,True,True,True,True,True,"{""fact_has_causation"":true,""fact_has_conduct"":true,""fact_has_harm"":true,""fact_has_parties"":true}",[],True,7,True,True,[],pass,[],False,True
US_89752cdd8fe08c1031,US,Pennsylvania,general_negligence_personal_injury,general_negligence_personal_injury,pass,pass,"{""en"":[],""ko"":[]}",pass,"{""en"":[],""ko"":[]}",pass,[],"[""negation_presence_mismatch""]",pass,True,True,True,True,True,True,True,True,"{""fact_has_causation"":true,""fact_has_conduct"":true,""fact_has_harm"":true,""fact_has_parties"":true}",[],True,7,True,True,[],pass,[],False,True
US_369a2f88efd4f55df4,US,Pennsylvania,general_negligence_personal_injury,general_negligence_personal_injury,pass,pass,"{""en"":[],""ko"":[]}",pass,"{""en"":[],""ko"":[]}",pass,[],"[""negation_presence_mismatch"",""number_mismatch""]",pass,True,True,True,True,True,True,True,True,"{""fact_has_causation"":true,""fact_has_conduct"":true,""fact_has_harm"":true,""fact_has_parties"":true}",[],True,7,True,True,[],pass,[],False,True
US_8b84f7c77a2cc4823f,US,Pennsylvania,general_negligence_personal_injury,general_negligence_personal_injury,pass,pass,"{""en"":[],""ko"":[]}",pass,"{""en"":[],""ko"":[]}",pass,[],"[""number_mismatch""]",pass,True,True,True,True,True,True,True,True,"{""fact_has_causation"":true,""fact_has_conduct"":true,""fact_has_harm"":true,""fact_has_parties"":true}",[],True,7,True,True,[],pass,[],False,True
US_cc8f60960ef40a7434,US,Pennsylvania,general_negligence_personal_injury,general_negligence_personal_injury,pass,pass,"{""en"":[],""ko"":[]}",pass,"{""en"":[],""ko"":[]}",pass,[],"[""number_mismatch"",""negation_presence_mismatch""]",pass,True,True,True,True,True,True,False,True,"{""fact_has_causation"":true,""fact_has_conduct"":true,""fact_has_harm"":true,""fact_has_parties"":true}",[],True,6,True,True,[],pass,[],False,True
US_8e816087051c99374d,US,Pennsylvania,general_negligence_personal_injury,general_negligence_personal_injury,pass,pass,"{""en"":[],""ko"":[]}",pass,"{""en"":[],""ko"":[]}",pass,[],"[""number_mismatch"",""negation_presence_mismatch""]",pass,True,True,True,True,True,True,True,True,"{""fact_has_causation"":true,""fact_has_conduct"":true,""fact_has_harm"":true,""fact_has_parties"":true}",[],True,7,True,True,[],pass,[],True,True
US_f6a3b4ef121a4e3b04,US,Pennsylvania,general_negligence_personal_injury,general_negligence_personal_injury,pass,pass,"{""en"":[],""ko"":[]}",pass,"{""en"":[],""ko"":[]}",pass,[],"[""negation_presence_mismatch""]",pass,True,True,True,True,True,True,True,True,"{""fact_has_causation"":true,""fact_has_conduct"":true,""fact_has_harm"":true,""fact_has_parties"":true}",[],True,7,True,True,[],pass,[],False,True
US_9cf64af04d2e95a72d,US,Pennsylvania,medical_professional_liability,medical_professional_liability,pass,pass,"{""en"":[],""ko"":[]}",pass,"{""en"":[],""ko"":[]}",pass,[],[],pass,True,True,True,True,True,True,True,True,"{""fact_has_causation"":true,""fact_has_conduct"":true,""fact_has_harm"":true,""fact_has_parties"":true}",[],True,7,True,True,[],not_run,[],False,True
US_2ce3ed6c0e8a324589,US,Pennsylvania,medical_professional_liability,medical_professional_liability,pass,pass,"{""en"":[],""ko"":[]}",pass,"{""en"":[],""ko"":[]}",pass,[],"[""number_mismatch"",""unit_mismatch"",""negation_presence_mismatch""]",pass,True,True,True,True,True,True,True,True,"{""fact_has_causation"":true,""fact_has_conduct"":true,""fact_has_harm"":true,""fact_has_parties"":true}",[],True,7,True,True,[],pass,[],False,True
US_77921eca4293bb5c27,US,Pennsylvania,medical_professional_liability,medical_professional_liability,pass,pass,"{""en"":[],""ko"":[]}",pass,"{""en"":[],""ko"":[]}",pass,[],"[""negation_presence_mismatch""]",pass,True,True,True,True,True,True,True,True,"{""fact_has_causation"":true,""fact_has_conduct"":true,""fact_has_harm"":true,""fact_has_parties"":true}",[],True,7,True,True,[],pass,[],False,True
US_38d924f1ad3609200a,US,Pennsylvania,medical_professional_liability,medical_professional_liability,pass,pass,"{""en"":[],""ko"":[]}",pass,"{""en"":[],""ko"":[]}",pass,[],"[""number_mismatch"",""unit_mismatch"",""negation_presence_mismatch""]",pass,True,True,True,True,True,True,True,True,"{""fact_has_causation"":true,""fact_has_conduct"":true,""fact_has_harm"":true,""fact_has_parties"":true}",[],True,7,True,True,[],pass,[],False,True
US_5e1df8e8cc45419467,US,Pennsylvania,medical_professional_liability,medical_professional_liability,pass,pass,"{""en"":[],""ko"":[]}",pass,"{""en"":[],""ko"":[]}",pass,[],[],pass,True,True,True,True,True,True,True,True,"{""fact_has_causation"":true,""fact_has_conduct"":true,""fact_has_harm"":true,""fact_has_parties"":true}",[],True,7,True,True,[],not_run,[],False,True
US_63ffb974f8488a5664,US,Pennsylvania,medical_professional_liability,medical_professional_liability,pass,pass,"{""en"":[],""ko"":[]}",pass,"{""en"":[],""ko"":[]}",pass,[],"[""number_mismatch""]",pass,True,True,True,True,True,True,True,True,"{""fact_has_causation"":true,""fact_has_conduct"":true,""fact_has_harm"":true,""fact_has_parties"":true}",[],True,7,True,True,[],pass,[],False,True
US_fa07baffd06e422309,US,Pennsylvania,medical_professional_liability,medical_professional_liability,pass,pass,"{""en"":[],""ko"":[]}",pass,"{""en"":[],""ko"":[]}",pass,[],"[""negation_presence_mismatch""]",pass,True,True,True,True,True,True,True,True,"{""fact_has_causation"":true,""fact_has_conduct"":true,""fact_has_harm"":true,""fact_has_parties"":true}",[],True,7,True,True,[],pass,[],False,True
US_67cc0f02a85dfe7f69,US,Pennsylvania,medical_professional_liability,medical_professional_liability,pass,pass,"{""en"":[],""ko"":[]}",pass,"{""en"":[],""ko"":[]}",pass,[],"[""negation_presence_mismatch""]",pass,True,True,True,True,True,True,True,True,"{""fact_has_causation"":true,""fact_has_conduct"":true,""fact_has_harm"":true,""fact_has_parties"":true}",[],True,7,True,True,[],pass,[],False,True
US_b362543043cab0106c,US,Pennsylvania,medical_professional_liability,medical_professional_liability,pass,pass,"{""en"":[],""ko"":[]}",pass,"{""en"":[],""ko"":[]}",pass,[],"[""number_mismatch"",""negation_presence_mismatch""]",pass,True,True,True,True,True,True,True,True,"{""fact_has_causation"":true,""fact_has_conduct"":true,""fact_has_harm"":true,""fact_has_parties"":true}",[],True,7,True,True,[],pass,[],False,True
US_cd09a42ab8bc802821,US,Pennsylvania,medical_professional_liability,medical_professional_liability,pass,pass,"{""en"":[],""ko"":[]}",pass,"{""en"":[],""ko"":[]}",pass,[],"[""number_mismatch""]",pass,True,True,True,True,True,True,False,True,"{""fact_has_causation"":true,""fact_has_conduct"":true,""fact_has_harm"":true,""fact_has_parties"":true}",[],True,6,True,True,[],pass,[],False,True
US_47210f2421779c756f,US,Pennsylvania,medical_professional_liability,medical_professional_liability,pass,pass,"{""en"":[],""ko"":[]}",pass,"{""en"":[],""ko"":[]}",pass,[],"[""negation_presence_mismatch""]",pass,True,True,True,True,True,True,True,True,"{""fact_has_causation"":true,""fact_has_conduct"":true,""fact_has_harm"":true,""fact_has_parties"":true}",[],True,7,True,True,[],pass,[],False,True
US_2b3ba71069d1e5eab9,US,Pennsylvania,medical_professional_liability,medical_professional_liability,pass,pass,"{""en"":[],""ko"":[]}",pass,"{""en"":[],""ko"":[]}",pass,[],"[""number_mismatch"",""negation_presence_mismatch""]",pass,True,True,True,True,True,True,True,True,"{""fact_has_causation"":true,""fact_has_conduct"":true,""fact_has_harm"":true,""fact_has_parties"":true}",[],True,7,True,True,[],pass,[],False,True
US_57290d297c1a43a6d4,US,Pennsylvania,medical_professional_liability,medical_professional_liability,pass,pass,"{""en"":[],""ko"":[]}",pass,"{""en"":[],""ko"":[]}",pass,[],"[""number_mismatch"",""negation_presence_mismatch""]",pass,True,True,True,True,True,True,True,True,"{""fact_has_causation"":true,""fact_has_conduct"":true,""fact_has_harm"":true,""fact_has_parties"":true}",[],True,7,True,True,[],pass,[],False,True
US_acb942a605c65e06f0,US,Pennsylvania,other_civil_liability,other_civil_liability,pass,pass,"{""en"":[],""ko"":[]}",pass,"{""en"":[],""ko"":[]}",pass,[],"[""number_mismatch"",""negation_presence_mismatch""]",pass,True,True,True,True,True,True,True,True,"{""fact_has_causation"":true,""fact_has_conduct"":true,""fact_has_harm"":true,""fact_has_parties"":true}",[],True,7,True,True,[],pass,[],False,True
US_6e94c6d394acfdcdc7,US,Pennsylvania,other_civil_liability,other_civil_liability,pass,pass,"{""en"":[],""ko"":[]}",pass,"{""en"":[],""ko"":[]}",pass,[],"[""negation_presence_mismatch""]",pass,True,True,True,True,True,True,True,True,"{""fact_has_causation"":true,""fact_has_conduct"":true,""fact_has_harm"":true,""fact_has_parties"":true}",[],True,7,True,True,[],pass,[],False,True
US_78f2e4c0127c877a51,US,Michigan,general_negligence_personal_injury,general_negligence_personal_injury,pass,pass,"{""en"":[],""ko"":[]}",pass,"{""en"":[],""ko"":[]}",pass,[],"[""number_mismatch""]",pass,True,True,True,True,True,True,True,True,"{""fact_has_causation"":true,""fact_has_conduct"":true,""fact_has_harm"":true,""fact_has_parties"":true}",[],True,7,True,True,[],pass,[],False,True
US_5e6f9cfe4d6f03fb7f,US,Michigan,general_negligence_personal_injury,general_negligence_personal_injury,pass,pass,"{""en"":[],""ko"":[]}",pass,"{""en"":[],""ko"":[]}",pass,[],[],pass,True,True,True,True,True,True,True,True,"{""fact_has_causation"":true,""fact_has_conduct"":true,""fact_has_harm"":true,""fact_has_parties"":true}",[],True,7,True,True,[],not_run,[],False,True
US_00f7c6571f18d3c66e,US,Michigan,general_negligence_personal_injury,general_negligence_personal_injury,pass,pass,"{""en"":[],""ko"":[]}",pass,"{""en"":[],""ko"":[]}",pass,[],[],pass,True,True,True,True,True,True,True,True,"{""fact_has_causation"":true,""fact_has_conduct"":true,""fact_has_harm"":true,""fact_has_parties"":true}",[],True,7,True,True,[],not_run,[],False,True
US_f42baf15f4f65533de,US,Michigan,general_negligence_personal_injury,general_negligence_personal_injury,pass,pass,"{""en"":[],""ko"":[]}",pass,"{""en"":[],""ko"":[]}",pass,[],[],pass,True,True,True,True,True,True,True,True,"{""fact_has_causation"":true,""fact_has_conduct"":true,""fact_has_harm"":true,""fact_has_parties"":true}",[],True,7,True,True,[],not_run,[],True,True
US_157a99d9bc34ad07c0,US,Michigan,general_negligence_personal_injury,general_negligence_personal_injury,pass,pass,"{""en"":[],""ko"":[]}",pass,"{""en"":[],""ko"":[]}",pass,[],"[""number_mismatch"",""unit_mismatch"",""negation_presence_mismatch""]",pass,True,True,True,True,True,True,True,True,"{""fact_has_causation"":true,""fact_has_conduct"":true,""fact_has_harm"":true,""fact_has_parties"":true}",[],True,7,True,True,[],pass,[],False,True
US_9c0d0f392a9c3505c1,US,Michigan,general_negligence_personal_injury,general_negligence_personal_injury,pass,pass,"{""en"":[],""ko"":[]}",pass,"{""en"":[],""ko"":[]}",pass,[],[],pass,True,True,True,True,True,True,True,True,"{""fact_has_causation"":true,""fact_has_conduct"":true,""fact_has_harm"":true,""fact_has_parties"":true}",[],True,7,True,True,[],not_run,[],False,True
US_2dc42d5d55548348de,US,Michigan,general_negligence_personal_injury,general_negligence_personal_injury,pass,pass,"{""en"":[],""ko"":[]}",pass,"{""en"":[],""ko"":[]}",pass,[],"[""negation_presence_mismatch""]",pass,True,True,True,True,True,True,True,True,"{""fact_has_causation"":true,""fact_has_conduct"":true,""fact_has_harm"":true,""fact_has_parties"":true}",[],True,7,True,True,[],pass,[],False,True
US_624564663f55368864,US,Michigan,medical_professional_liability,medical_professional_liability,pass,pass,"{""en"":[],""ko"":[]}",pass,"{""en"":[],""ko"":[]}",pass,[],"[""negation_presence_mismatch""]",pass,True,True,True,True,True,True,True,True,"{""fact_has_causation"":true,""fact_has_conduct"":true,""fact_has_harm"":true,""fact_has_parties"":true}",[],True,7,True,True,[],pass,[],False,True
US_c494ba6285904ce918,US,Michigan,medical_professional_liability,medical_professional_liability,pass,pass,"{""en"":[],""ko"":[]}",pass,"{""en"":[],""ko"":[]}",pass,[],[],pass,True,True,True,True,True,True,True,True,"{""fact_has_causation"":true,""fact_has_conduct"":true,""fact_has_harm"":true,""fact_has_parties"":true}",[],True,7,True,True,[],not_run,[],False,True
US_7cae584411e6f22f4b,US,Michigan,medical_professional_liability,medical_professional_liability,pass,pass,"{""en"":[],""ko"":[]}",pass,"{""en"":[],""ko"":[]}",pass,[],"[""unit_mismatch"",""number_mismatch"",""negation_presence_mismatch""]",pass,True,True,True,True,True,True,True,True,"{""fact_has_causation"":true,""fact_has_conduct"":true,""fact_has_harm"":true,""fact_has_parties"":true}",[],True,7,True,True,[],pass,[],False,True
US_0abf417417190c2e89,US,Michigan,medical_professional_liability,medical_professional_liability,pass,pass,"{""en"":[],""ko"":[]}",pass,"{""en"":[],""ko"":[]}",pass,[],"[""negation_presence_mismatch""]",pass,True,True,False,False,True,True,False,True,"{""fact_has_causation"":true,""fact_has_conduct"":true,""fact_has_harm"":true,""fact_has_parties"":true}",[],True,4,False,True,[],pass,[],False,True
US_861576769645010c57,US,Michigan,medical_professional_liability,medical_professional_liability,pass,pass,"{""en"":[],""ko"":[]}",pass,"{""en"":[],""ko"":[]}",pass,[],"[""number_mismatch"",""negation_presence_mismatch""]",pass,True,True,True,True,True,True,True,True,"{""fact_has_causation"":true,""fact_has_conduct"":true,""fact_has_harm"":true,""fact_has_parties"":true}",[],True,7,True,True,[],pass,[],False,True
US_9cac14d9a55b155cd4,US,Michigan,medical_professional_liability,medical_professional_liability,pass,pass,"{""en"":[],""ko"":[]}",pass,"{""en"":[],""ko"":[]}",pass,[],"[""number_mismatch"",""unit_mismatch""]",pass,True,True,True,True,True,True,True,True,"{""fact_has_causation"":true,""fact_has_conduct"":true,""fact_has_harm"":true,""fact_has_parties"":true}",[],True,7,True,True,[],pass,[],False,True
US_b473e7585c6e5638dd,US,Michigan,medical_professional_liability,medical_professional_liability,pass,pass,"{""en"":[],""ko"":[]}",pass,"{""en"":[],""ko"":[]}",pass,[],"[""number_mismatch"",""negation_presence_mismatch""]",pass,True,True,True,True,True,True,True,True,"{""fact_has_causation"":true,""fact_has_conduct"":true,""fact_has_harm"":true,""fact_has_parties"":true}",[],True,7,True,True,[],pass,[],False,True
US_0cdf24e76568435f05,US,Michigan,medical_professional_liability,medical_professional_liability,pass,pass,"{""en"":[],""ko"":[]}",pass,"{""en"":[],""ko"":[]}",pass,[],"[""number_mismatch""]",pass,True,True,True,True,True,True,True,True,"{""fact_has_causation"":true,""fact_has_conduct"":true,""fact_has_harm"":true,""fact_has_parties"":true}",[],True,7,True,True,[],pass,[],False,True
US_6dff55c6853f31d0a6,US,Michigan,medical_professional_liability,medical_professional_liability,pass,pass,"{""en"":[],""ko"":[]}",pass,"{""en"":[],""ko"":[]}",pass,[],"[""number_mismatch"",""unit_mismatch""]",pass,True,True,True,True,True,True,True,True,"{""fact_has_causation"":true,""fact_has_conduct"":true,""fact_has_harm"":true,""fact_has_parties"":true}",[],True,7,True,True,[],pass,[],False,True
US_f72de5a85fdd45cf64,US,Michigan,medical_professional_liability,medical_professional_liability,pass,pass,"{""en"":[],""ko"":[]}",pass,"{""en"":[],""ko"":[]}",pass,[],[],pass,True,True,False,True,True,True,True,True,"{""fact_has_causation"":true,""fact_has_conduct"":true,""fact_has_harm"":true,""fact_has_parties"":true}",[],True,6,True,True,[],not_run,[],False,True
US_36fd5aae9fa72a7fbb,US,Michigan,medical_professional_liability,medical_professional_liability,pass,pass,"{""en"":[],""ko"":[]}",pass,"{""en"":[],""ko"":[]}",pass,[],"[""negation_presence_mismatch""]",pass,True,True,True,True,True,True,True,True,"{""fact_has_causation"":true,""fact_has_conduct"":true,""fact_has_harm"":true,""fact_has_parties"":true}",[],True,7,True,True,[],pass,[],False,True
US_71162df598a424d867,US,Michigan,medical_professional_liability,medical_professional_liability,pass,pass,"{""en"":[],""ko"":[]}",pass,"{""en"":[],""ko"":[]}",pass,[],"[""number_mismatch""]",pass,True,True,True,True,True,True,True,True,"{""fact_has_causation"":true,""fact_has_conduct"":true,""fact_has_harm"":true,""fact_has_parties"":true}",[],True,7,True,True,[],pass,[],False,True
US_02bde060086590cc77,US,Michigan,medical_professional_liability,medical_professional_liability,pass,pass,"{""en"":[],""ko"":[]}",pass,"{""en"":[],""ko"":[]}",pass,[],"[""negation_presence_mismatch""]",pass,True,True,True,True,True,True,True,True,"{""fact_has_causation"":true,""fact_has_conduct"":true,""fact_has_harm"":true,""fact_has_parties"":true}",[],True,7,True,True,[],pass,[],False,True
US_9652590cf5c0086fbf,US,Michigan,medical_professional_liability,medical_professional_liability,pass,pass,"{""en"":[],""ko"":[]}",pass,"{""en"":[],""ko"":[]}",pass,[],[],pass,True,True,False,True,True,True,True,True,"{""fact_has_causation"":true,""fact_has_conduct"":true,""fact_has_harm"":true,""fact_has_parties"":true}",[],True,6,True,True,[],not_run,[],False,True
US_f360178db4c0409aa2,US,Michigan,medical_professional_liability,medical_professional_liability,pass,pass,"{""en"":[],""ko"":[]}",pass,"{""en"":[],""ko"":[]}",pass,[],"[""number_mismatch"",""negation_presence_mismatch""]",pass,True,True,False,True,True,True,True,True,"{""fact_has_causation"":true,""fact_has_conduct"":true,""fact_has_harm"":true,""fact_has_parties"":true}",[],True,6,True,True,[],pass,[],False,True
US_6d3421be0f42fb2f6b,US,Michigan,product_liability,product_liability,pass,pass,"{""en"":[],""ko"":[]}",pass,"{""en"":[],""ko"":[]}",pass,[],"[""number_mismatch"",""negation_presence_mismatch""]",pass,True,True,True,True,True,True,True,True,"{""fact_has_causation"":true,""fact_has_conduct"":true,""fact_has_harm"":true,""fact_has_parties"":true}",[],True,7,True,True,[],pass,[],False,True
US_545cf69d7c7286aae7,US,Michigan,product_liability,product_liability,pass,pass,"{""en"":[],""ko"":[]}",pass,"{""en"":[],""ko"":[]}",pass,[],"[""number_mismatch""]",pass,True,True,True,True,True,True,True,True,"{""fact_has_causation"":true,""fact_has_conduct"":true,""fact_has_harm"":true,""fact_has_parties"":true}",[],True,7,True,True,[],pass,[],False,True
US_a072ff18b300a13dfd,US,Louisiana,general_negligence_personal_injury,general_negligence_personal_injury,pass,pass,"{""en"":[],""ko"":[]}",pass,"{""en"":[],""ko"":[]}",pass,[],[],pass,True,True,True,True,True,True,True,True,"{""fact_has_causation"":true,""fact_has_conduct"":true,""fact_has_harm"":true,""fact_has_parties"":true}",[],True,7,True,True,[],not_run,[],False,True
US_6e861d05305c993ccb,US,Louisiana,general_negligence_personal_injury,general_negligence_personal_injury,pass,pass,"{""en"":[],""ko"":[]}",pass,"{""en"":[],""ko"":[]}",pass,[],"[""number_mismatch"",""negation_presence_mismatch""]",pass,True,True,True,True,True,True,True,True,"{""fact_has_causation"":true,""fact_has_conduct"":true,""fact_has_harm"":true,""fact_has_parties"":true}",[],True,7,True,True,[],pass,[],False,True
US_39be177337afd8d1be,US,Louisiana,general_negligence_personal_injury,general_negligence_personal_injury,pass,pass,"{""en"":[],""ko"":[]}",pass,"{""en"":[],""ko"":[]}",pass,[],"[""number_mismatch""]",pass,True,True,False,True,True,True,True,True,"{""fact_has_causation"":true,""fact_has_conduct"":true,""fact_has_harm"":true,""fact_has_parties"":true}",[],True,6,True,True,[],pass,[],False,True
US_a0047ad180b5e21d95,US,Louisiana,general_negligence_personal_injury,general_negligence_personal_injury,pass,pass,"{""en"":[],""ko"":[]}",pass,"{""en"":[],""ko"":[]}",pass,[],"[""unit_mismatch""]",pass,True,True,True,True,True,True,True,True,"{""fact_has_causation"":true,""fact_has_conduct"":true,""fact_has_harm"":true,""fact_has_parties"":true}",[],True,7,True,True,[],pass,[],False,True
US_0852f7949bcaa2bb53,US,Louisiana,general_negligence_personal_injury,general_negligence_personal_injury,pass,pass,"{""en"":[],""ko"":[]}",pass,"{""en"":[],""ko"":[]}",pass,[],"[""number_mismatch""]",pass,True,True,True,True,True,True,True,True,"{""fact_has_causation"":true,""fact_has_conduct"":true,""fact_has_harm"":true,""fact_has_parties"":true}",[],True,7,True,True,[],pass,[],False,True
US_32ce5cc46af8c47b58,US,Louisiana,general_negligence_personal_injury,general_negligence_personal_injury,pass,pass,"{""en"":[],""ko"":[]}",pass,"{""en"":[],""ko"":[]}",pass,[],[],pass,True,True,True,True,True,True,True,True,"{""fact_has_causation"":true,""fact_has_conduct"":true,""fact_has_harm"":true,""fact_has_parties"":true}",[],True,7,True,True,[],not_run,[],False,True
US_162eb334cc7d5a8b91,US,Louisiana,general_negligence_personal_injury,general_negligence_personal_injury,pass,pass,"{""en"":[],""ko"":[]}",pass,"{""en"":[],""ko"":[]}",pass,[],"[""negation_presence_mismatch"",""number_mismatch"",""unit_mismatch""]",pass,True,True,True,True,True,True,True,True,"{""fact_has_causation"":true,""fact_has_conduct"":true,""fact_has_harm"":true,""fact_has_parties"":true}",[],True,7,True,True,[],pass,[],False,True
US_eafeabebaffbba2c82,US,Louisiana,general_negligence_personal_injury,general_negligence_personal_injury,pass,pass,"{""en"":[],""ko"":[]}",pass,"{""en"":[],""ko"":[]}",pass,[],"[""number_mismatch""]",pass,True,True,True,True,True,True,True,True,"{""fact_has_causation"":true,""fact_has_conduct"":true,""fact_has_harm"":true,""fact_has_parties"":true}",[],True,7,True,True,[],pass,[],False,True
US_a83924c6ae07314b33,US,Louisiana,general_negligence_personal_injury,general_negligence_personal_injury,pass,pass,"{""en"":[],""ko"":[]}",pass,"{""en"":[],""ko"":[]}",pass,[],"[""negation_presence_mismatch"",""number_mismatch""]",pass,True,True,True,True,True,True,True,True,"{""fact_has_causation"":true,""fact_has_conduct"":true,""fact_has_harm"":true,""fact_has_parties"":true}",[],True,7,True,True,[],pass,[],False,True
US_8273a9a891358bad5d,US,Louisiana,general_negligence_personal_injury,general_negligence_personal_injury,pass,pass,"{""en"":[],""ko"":[]}",pass,"{""en"":[],""ko"":[]}",pass,[],"[""negation_presence_mismatch""]",pass,True,True,True,True,True,True,True,True,"{""fact_has_causation"":true,""fact_has_conduct"":true,""fact_has_harm"":true,""fact_has_parties"":true}",[],True,7,True,True,[],pass,[],False,True
US_bf6cccdd9b8a33c4a5,US,Louisiana,general_negligence_personal_injury,general_negligence_personal_injury,pass,pass,"{""en"":[],""ko"":[]}",pass,"{""en"":[],""ko"":[]}",pass,[],[],pass,True,True,True,True,True,True,True,True,"{""fact_has_causation"":true,""fact_has_conduct"":true,""fact_has_harm"":true,""fact_has_parties"":true}",[],True,7,True,True,[],not_run,[],False,True
US_2e67d6775a92caddee,US,Louisiana,general_negligence_personal_injury,general_negligence_personal_injury,pass,pass,"{""en"":[],""ko"":[]}",pass,"{""en"":[],""ko"":[]}",pass,[],"[""number_mismatch""]",pass,True,True,True,True,True,True,True,True,"{""fact_has_causation"":true,""fact_has_conduct"":true,""fact_has_harm"":true,""fact_has_parties"":true}",[],True,7,True,True,[],pass,[],False,True
US_b1a79acce1af757b58,US,Louisiana,general_negligence_personal_injury,general_negligence_personal_injury,pass,pass,"{""en"":[],""ko"":[]}",pass,"{""en"":[],""ko"":[]}",pass,[],"[""number_mismatch"",""negation_presence_mismatch""]",pass,True,True,True,True,True,True,True,True,"{""fact_has_causation"":true,""fact_has_conduct"":true,""fact_has_harm"":true,""fact_has_parties"":true}",[],True,7,True,True,[],pass,[],True,True
US_e1da2d37a9dee8ec7b,US,Louisiana,general_negligence_personal_injury,general_negligence_personal_injury,pass,pass,"{""en"":[],""ko"":[]}",pass,"{""en"":[],""ko"":[]}",pass,[],"[""number_mismatch"",""negation_presence_mismatch""]",pass,True,True,True,True,True,True,True,True,"{""fact_has_causation"":true,""fact_has_conduct"":true,""fact_has_harm"":true,""fact_has_parties"":true}",[],True,7,True,True,[],pass,[],False,True
US_18fd4288d7f32131ce,US,Louisiana,general_negligence_personal_injury,general_negligence_personal_injury,pass,pass,"{""en"":[],""ko"":[]}",pass,"{""en"":[],""ko"":[]}",pass,[],"[""negation_presence_mismatch"",""number_mismatch""]",pass,True,True,False,True,True,True,True,True,"{""fact_has_causation"":true,""fact_has_conduct"":true,""fact_has_harm"":true,""fact_has_parties"":true}",[],True,6,True,True,[],pass,[],False,True
US_1042602a184dd1c50b,US,Louisiana,general_negligence_personal_injury,general_negligence_personal_injury,pass,pass,"{""en"":[],""ko"":[]}",pass,"{""en"":[],""ko"":[]}",pass,[],"[""number_mismatch"",""unit_mismatch"",""negation_presence_mismatch""]",pass,True,True,True,True,True,True,True,True,"{""fact_has_causation"":true,""fact_has_conduct"":true,""fact_has_harm"":true,""fact_has_parties"":true}",[],True,7,True,True,[],pass,[],False,True
US_f9417e4d262285b1c6,US,Louisiana,product_liability,product_liability,pass,pass,"{""en"":[],""ko"":[]}",pass,"{""en"":[],""ko"":[]}",pass,[],[],pass,True,True,True,True,True,True,True,True,"{""fact_has_causation"":true,""fact_has_conduct"":true,""fact_has_harm"":true,""fact_has_parties"":true}",[],True,7,True,True,[],not_run,[],False,True
US_02cd16f932838519ba,US,Louisiana,product_liability,product_liability,pass,pass,"{""en"":[],""ko"":[]}",pass,"{""en"":[],""ko"":[]}",pass,[],[],pass,True,True,True,True,True,True,True,True,"{""fact_has_causation"":true,""fact_has_conduct"":true,""fact_has_harm"":true,""fact_has_parties"":true}",[],True,7,True,True,[],not_run,[],False,True
US_5fb1681d1e52f4e709,US,Louisiana,product_liability,product_liability,pass,pass,"{""en"":[],""ko"":[]}",pass,"{""en"":[],""ko"":[]}",pass,[],"[""number_mismatch""]",pass,True,True,True,True,True,True,True,True,"{""fact_has_causation"":true,""fact_has_conduct"":true,""fact_has_harm"":true,""fact_has_parties"":true}",[],True,7,True,True,[],pass,[],False,True
US_03aa3f07d9d0e5332a,US,Nevada,general_negligence_personal_injury,general_negligence_personal_injury,pass,pass,"{""en"":[],""ko"":[]}",pass,"{""en"":[],""ko"":[]}",pass,[],[],pass,True,True,True,True,True,True,True,True,"{""fact_has_causation"":true,""fact_has_conduct"":true,""fact_has_harm"":true,""fact_has_parties"":true}",[],True,7,True,True,[],not_run,[],True,True
US_74c861440b330e42dc,US,Nevada,general_negligence_personal_injury,general_negligence_personal_injury,pass,pass,"{""en"":[],""ko"":[]}",pass,"{""en"":[],""ko"":[]}",pass,[],"[""negation_presence_mismatch""]",pass,True,True,True,True,True,True,True,True,"{""fact_has_causation"":true,""fact_has_conduct"":true,""fact_has_harm"":true,""fact_has_parties"":true}",[],True,7,True,True,[],pass,[],False,True
US_1bd83c629182d24617,US,Nevada,general_negligence_personal_injury,general_negligence_personal_injury,pass,pass,"{""en"":[],""ko"":[]}",pass,"{""en"":[],""ko"":[]}",pass,[],"[""negation_presence_mismatch""]",pass,True,True,True,True,True,True,True,True,"{""fact_has_causation"":true,""fact_has_conduct"":true,""fact_has_harm"":true,""fact_has_parties"":true}",[],True,7,True,True,[],pass,[],False,True
US_514a1afebc7c89ad3f,US,Nevada,general_negligence_personal_injury,general_negligence_personal_injury,pass,pass,"{""en"":[],""ko"":[]}",pass,"{""en"":[],""ko"":[]}",pass,[],[],pass,True,True,True,True,True,True,False,True,"{""fact_has_causation"":true,""fact_has_conduct"":true,""fact_has_harm"":true,""fact_has_parties"":true}",[],True,6,True,True,[],not_run,[],False,True
US_0cb53a4c10c6b8a81c,US,Nevada,general_negligence_personal_injury,general_negligence_personal_injury,pass,pass,"{""en"":[],""ko"":[]}",pass,"{""en"":[],""ko"":[]}",pass,[],[],pass,True,True,True,True,True,True,True,True,"{""fact_has_causation"":true,""fact_has_conduct"":true,""fact_has_harm"":true,""fact_has_parties"":true}",[],True,7,True,True,[],not_run,[],False,True
US_286292f7d56c91120b,US,Nevada,general_negligence_personal_injury,general_negligence_personal_injury,pass,pass,"{""en"":[],""ko"":[]}",pass,"{""en"":[],""ko"":[]}",pass,[],"[""number_mismatch""]",pass,True,True,True,True,True,True,True,True,"{""fact_has_causation"":true,""fact_has_conduct"":true,""fact_has_harm"":true,""fact_has_parties"":true}",[],True,7,True,True,[],pass,[],False,True
US_bb44001945931d8610,US,Nevada,general_negligence_personal_injury,general_negligence_personal_injury,pass,pass,"{""en"":[],""ko"":[]}",pass,"{""en"":[],""ko"":[]}",pass,[],"[""number_mismatch""]",pass,True,True,True,False,True,True,True,True,"{""fact_has_causation"":true,""fact_has_conduct"":true,""fact_has_harm"":true,""fact_has_parties"":true}",[],True,6,True,True,[],pass,[],False,True
US_af3a72d6a4fbf2544a,US,Nevada,general_negligence_personal_injury,general_negligence_personal_injury,pass,pass,"{""en"":[],""ko"":[]}",pass,"{""en"":[],""ko"":[]}",pass,[],"[""number_mismatch""]",pass,True,True,True,True,True,True,True,True,"{""fact_has_causation"":true,""fact_has_conduct"":true,""fact_has_harm"":true,""fact_has_parties"":true}",[],True,7,True,True,[],pass,[],False,True
US_c2f1eaa3640f0a9bbf,US,Nevada,general_negligence_personal_injury,general_negligence_personal_injury,pass,pass,"{""en"":[],""ko"":[]}",pass,"{""en"":[],""ko"":[]}",pass,[],[],pass,True,True,True,True,True,True,True,True,"{""fact_has_causation"":true,""fact_has_conduct"":true,""fact_has_harm"":true,""fact_has_parties"":true}",[],True,7,True,True,[],not_run,[],False,True
US_0bdc6cb112770284df,US,Nevada,general_negligence_personal_injury,general_negligence_personal_injury,pass,pass,"{""en"":[],""ko"":[]}",pass,"{""en"":[],""ko"":[]}",pass,[],"[""negation_presence_mismatch""]",pass,True,True,True,True,True,True,True,True,"{""fact_has_causation"":true,""fact_has_conduct"":true,""fact_has_harm"":true,""fact_has_parties"":true}",[],True,7,True,True,[],pass,[],False,True
US_193c9ad26072b674b4,US,Nevada,product_liability,product_liability,pass,pass,"{""en"":[],""ko"":[]}",pass,"{""en"":[],""ko"":[]}",pass,[],"[""negation_presence_mismatch"",""number_mismatch""]",pass,True,True,True,True,True,True,True,True,"{""fact_has_causation"":true,""fact_has_conduct"":true,""fact_has_harm"":true,""fact_has_parties"":true}",[],True,7,True,True,[],pass,[],False,True
US_b160a9deca3c2a648b,US,Nevada,product_liability,product_liability,pass,pass,"{""en"":[],""ko"":[]}",pass,"{""en"":[],""ko"":[]}",pass,[],[],pass,True,True,True,True,True,True,True,True,"{""fact_has_causation"":true,""fact_has_conduct"":true,""fact_has_harm"":true,""fact_has_parties"":true}",[],True,7,True,True,[],not_run,[],False,True
US_9f4d3cca3bba16c059,US,Nevada,product_liability,product_liability,pass,pass,"{""en"":[],""ko"":[]}",pass,"{""en"":[],""ko"":[]}",pass,[],"[""negation_presence_mismatch""]",pass,True,True,True,True,True,True,True,True,"{""fact_has_causation"":true,""fact_has_conduct"":true,""fact_has_harm"":true,""fact_has_parties"":true}",[],True,7,True,True,[],pass,[],True,True
US_bfd06f8cb32e6978f3,US,Nevada,product_liability,product_liability,pass,pass,"{""en"":[],""ko"":[]}",pass,"{""en"":[],""ko"":[]}",pass,[],"[""number_mismatch"",""negation_presence_mismatch""]",pass,True,True,True,True,True,True,True,True,"{""fact_has_causation"":true,""fact_has_conduct"":true,""fact_has_harm"":true,""fact_has_parties"":true}",[],True,7,True,True,[],pass,[],False,True
US_afc0614636d20e04b8,US,Nevada,other_civil_liability,other_civil_liability,pass,pass,"{""en"":[],""ko"":[]}",pass,"{""en"":[],""ko"":[]}",pass,[],"[""number_mismatch""]",pass,True,True,True,True,True,True,True,True,"{""fact_has_causation"":true,""fact_has_conduct"":true,""fact_has_harm"":true,""fact_has_parties"":true}",[],True,7,True,True,[],pass,[],False,True
US_f2201634a8e19da0c7,US,Nevada,other_civil_liability,other_civil_liability,pass,pass,"{""en"":[],""ko"":[]}",pass,"{""en"":[],""ko"":[]}",pass,[],"[""number_mismatch"",""negation_presence_mismatch""]",pass,True,True,True,True,True,True,True,True,"{""fact_has_causation"":true,""fact_has_conduct"":true,""fact_has_harm"":true,""fact_has_parties"":true}",[],True,7,True,True,[],pass,[],False,True
US_911c57466fa2dd122c,US,West Virginia,general_negligence_personal_injury,general_negligence_personal_injury,pass,pass,"{""en"":[],""ko"":[]}",pass,"{""en"":[],""ko"":[]}",pass,[],"[""number_mismatch"",""negation_presence_mismatch""]",pass,True,True,True,True,True,True,True,True,"{""fact_has_causation"":true,""fact_has_conduct"":true,""fact_has_harm"":true,""fact_has_parties"":true}",[],True,7,True,True,[],pass,[],False,True
US_bdeec2edbb47432c64,US,West Virginia,general_negligence_personal_injury,general_negligence_personal_injury,pass,pass,"{""en"":[],""ko"":[]}",pass,"{""en"":[],""ko"":[]}",pass,[],[],pass,True,True,True,True,True,True,True,True,"{""fact_has_causation"":true,""fact_has_conduct"":true,""fact_has_harm"":true,""fact_has_parties"":true}",[],True,7,True,True,[],not_run,[],False,True
US_e0f4e43491c639af90,US,West Virginia,general_negligence_personal_injury,general_negligence_personal_injury,pass,pass,"{""en"":[],""ko"":[]}",pass,"{""en"":[],""ko"":[]}",pass,[],"[""number_mismatch"",""negation_presence_mismatch""]",pass,True,True,False,True,True,True,True,True,"{""fact_has_causation"":true,""fact_has_conduct"":true,""fact_has_harm"":true,""fact_has_parties"":true}",[],True,6,True,True,[],pass,[],False,True
US_e7bd006a7ac2277175,US,West Virginia,general_negligence_personal_injury,general_negligence_personal_injury,pass,pass,"{""en"":[],""ko"":[]}",pass,"{""en"":[],""ko"":[]}",pass,[],"[""number_mismatch"",""negation_presence_mismatch""]",pass,True,True,True,True,True,True,True,True,"{""fact_has_causation"":true,""fact_has_conduct"":true,""fact_has_harm"":true,""fact_has_parties"":true}",[],True,7,True,True,[],pass,[],False,True
US_ace4efc8607c66874a,US,West Virginia,general_negligence_personal_injury,general_negligence_personal_injury,pass,pass,"{""en"":[],""ko"":[]}",pass,"{""en"":[],""ko"":[]}",pass,[],"[""negation_presence_mismatch""]",pass,True,True,True,True,True,True,True,True,"{""fact_has_causation"":true,""fact_has_conduct"":true,""fact_has_harm"":true,""fact_has_parties"":true}",[],True,7,True,True,[],pass,[],False,True
US_5786f3c28c6014a17f,US,West Virginia,general_negligence_personal_injury,general_negligence_personal_injury,pass,pass,"{""en"":[],""ko"":[]}",pass,"{""en"":[],""ko"":[]}",pass,[],"[""negation_presence_mismatch""]",pass,True,True,True,True,True,True,True,True,"{""fact_has_causation"":true,""fact_has_conduct"":true,""fact_has_harm"":true,""fact_has_parties"":true}",[],True,7,True,True,[],pass,[],False,True
US_15e86d45f19b975195,US,West Virginia,general_negligence_personal_injury,general_negligence_personal_injury,pass,pass,"{""en"":[],""ko"":[]}",pass,"{""en"":[],""ko"":[]}",pass,[],"[""number_mismatch"",""negation_presence_mismatch""]",pass,True,True,True,True,True,True,True,True,"{""fact_has_causation"":true,""fact_has_conduct"":true,""fact_has_harm"":true,""fact_has_parties"":true}",[],True,7,True,True,[],pass,[],False,True
US_4ee87caff5124d4003,US,West Virginia,general_negligence_personal_injury,general_negligence_personal_injury,pass,pass,"{""en"":[],""ko"":[]}",pass,"{""en"":[],""ko"":[]}",pass,[],"[""negation_presence_mismatch"",""number_mismatch""]",pass,True,True,True,True,True,True,True,True,"{""fact_has_causation"":true,""fact_has_conduct"":true,""fact_has_harm"":true,""fact_has_parties"":true}",[],True,7,True,True,[],pass,[],False,True
US_667a9b663657012cdc,US,West Virginia,general_negligence_personal_injury,general_negligence_personal_injury,pass,pass,"{""en"":[],""ko"":[]}",pass,"{""en"":[],""ko"":[]}",pass,[],"[""number_mismatch""]",pass,True,True,True,True,True,True,True,True,"{""fact_has_causation"":true,""fact_has_conduct"":true,""fact_has_harm"":true,""fact_has_parties"":true}",[],True,7,True,True,[],pass,[],False,True
US_07482ca42c075096bb,US,West Virginia,general_negligence_personal_injury,general_negligence_personal_injury,pass,pass,"{""en"":[],""ko"":[]}",pass,"{""en"":[],""ko"":[]}",pass,[],"[""negation_presence_mismatch""]",pass,True,True,True,True,True,True,True,True,"{""fact_has_causation"":true,""fact_has_conduct"":true,""fact_has_harm"":true,""fact_has_parties"":true}",[],True,7,True,True,[],pass,[],False,True
US_0ed0e9c92a0a12ceca,US,West Virginia,product_liability,product_liability,pass,pass,"{""en"":[],""ko"":[]}",pass,"{""en"":[],""ko"":[]}",pass,[],"[""negation_presence_mismatch""]",pass,True,True,True,True,True,True,True,True,"{""fact_has_causation"":true,""fact_has_conduct"":true,""fact_has_harm"":true,""fact_has_parties"":true}",[],True,7,True,True,[],pass,[],False,True
US_4e8bd43839d97e3e1f,US,West Virginia,product_liability,product_liability,pass,pass,"{""en"":[],""ko"":[]}",pass,"{""en"":[],""ko"":[]}",pass,[],"[""number_mismatch""]",pass,True,True,True,True,True,True,True,True,"{""fact_has_causation"":true,""fact_has_conduct"":true,""fact_has_harm"":true,""fact_has_parties"":true}",[],True,7,True,True,[],pass,[],False,True
US_ecb5bb62f940e7f86f,US,West Virginia,product_liability,product_liability,pass,pass,"{""en"":[],""ko"":[]}",pass,"{""en"":[],""ko"":[]}",pass,[],"[""number_mismatch"",""negation_presence_mismatch""]",pass,True,True,True,True,True,True,True,True,"{""fact_has_causation"":true,""fact_has_conduct"":true,""fact_has_harm"":true,""fact_has_parties"":true}",[],True,7,True,True,[],pass,[],False,True
US_cf1fe4f8bf2f7fa43b,US,West Virginia,other_civil_liability,other_civil_liability,pass,pass,"{""en"":[],""ko"":[]}",pass,"{""en"":[],""ko"":[]}",pass,[],[],pass,True,True,False,True,True,True,False,True,"{""fact_has_causation"":true,""fact_has_conduct"":true,""fact_has_harm"":true,""fact_has_parties"":true}",[],True,5,True,True,[],not_run,[],False,True
